Trafikkregistreringspunkt;Navn;Vegreferanse;Fra;Til;Dato;Fra tidspunkt;Til tidspunkt;Felt;Trafikkmengde;Dekningsgrad (%);Antall timer total;Antall timer inkludert;Antall timer ugyldig;Ikke gyldig lengde;Lengdekvalitetsgrad (%);< 5,6m;>= 5,6m;5,6m - 7,6m;7,6m - 12,5m;12,5m - 16,0m;>= 16,0m;16,0m - 24,0m;>= 24,0m
99274B3204701;Sykkelstamvegen Forus nord;EV39 S1000D65 m24;2026-06-01T00:00+02:00;2026-06-01T01:00+02:00;2026-06-01;00:00;01:00;1;1;100,0;1;1;0;1;0,00;-;-;-;-;-;-;-;-
99274B3204701;Sykkelstamvegen Forus nord;EV39 S1000D65 m24;2026-06-01T00:00+02:00;2026-06-01T01:00+02:00;2026-06-01;00:00;01:00;2;0;100,0;1;1;0;0;100,00;-;-;-;-;-;-;-;-
99274B3204701;Sykkelstamvegen Forus nord;EV39 S1000D65 m24;2026-06-01T00:00+02:00;2026-06-01T01:00+02:00;2026-06-01;00:00;01:00;Totalt i retning Sandnes;1;100,0;1;1;0;1;0,00;-;-;-;-;-;-;-;-
99274B3204701;Sykkelstamvegen Forus nord;EV39 S1000D65 m24;2026-06-01T00:00+02:00;2026-06-01T01:00+02:00;2026-06-01;00:00;01:00;Totalt i retning Stavanger;0;100,0;1;1;0;0;100,00;-;-;-;-;-;-;-;-
99274B3204701;Sykkelstamvegen Forus nord;EV39 S1000D65 m24;2026-06-01T00:00+02:00;2026-06-01T01:00+02:00;2026-06-01;00:00;01:00;Totalt;1;100,0;1;1;0;1;0,00;-;-;-;-;-;-;-;-
99274B3204701;Sykkelstamvegen Forus nord;EV39 S1000D65 m24;2026-06-01T01:00+02:00;2026-06-01T02:00+02:00;2026-06-01;01:00;02:00;1;0;100,0;1;1;0;0;100,00;-;-;-;-;-;-;-;-
99274B3204701;Sykkelstamvegen Forus nord;EV39 S1000D65 m24;2026-06-01T01:00+02:00;2026-06-01T02:00+02:00;2026-06-01;01:00;02:00;2;0;100,0;1;1;0;0;100,00;-;-;-;-;-;-;-;-
99274B3204701;Sykkelstamvegen Forus nord;EV39 S1000D65 m24;2026-06-01T01:00+02:00;2026-06-01T02:00+02:00;2026-06-01;01:00;02:00;Totalt i retning Sandnes;0;100,0;1;1;0;0;100,00;-;-;-;-;-;-;-;-
99274B3204701;Sykkelstamvegen Forus nord;EV39 S1000D65 m24;2026-06-01T01:00+02:00;2026-06-01T02:00+02:00;2026-06-01;01:00;02:00;Totalt i retning Stavanger;0;100,0;1;1;0;0;100,00;-;-;-;-;-;-;-;-
99274B3204701;Sykkelstamvegen Forus nord;EV39 S1000D65 m24;2026-06-01T01:00+02:00;2026-06-01T02:00+02:00;2026-06-01;01:00;02:00;Totalt;0;100,0;1;1;0;0;100,00;-;-;-;-;-;-;-;-
99274B3204701;Sykkelstamvegen Forus nord;EV39 S1000D65 m24;2026-06-01T02:00+02:00;2026-06-01T03:00+02:00;2026-06-01;02:00;03:00;1;0;100,0;1;1;0;0;100,00;-;-;-;-;-;-;-;-
99274B3204701;Sykkelstamvegen Forus nord;EV39 S1000D65 m24;2026-06-01T02:00+02:00;2026-06-01T03:00+02:00;2026-06-01;02:00;03:00;2;0;100,0;1;1;0;0;100,00;-;-;-;-;-;-;-;-
99274B3204701;Sykkelstamvegen Forus nord;EV39 S1000D65 m24;2026-06-01T02:00+02:00;2026-06-01T03:00+02:00;2026-06-01;02:00;03:00;Totalt i retning Sandnes;0;100,0;1;1;0;0;100,00;-;-;-;-;-;-;-;-
99274B3204701;Sykkelstamvegen Forus nord;EV39 S1000D65 m24;2026-06-01T02:00+02:00;2026-06-01T03:00+02:00;2026-06-01;02:00;03:00;Totalt i retning Stavanger;0;100,0;1;1;0;0;100,00;-;-;-;-;-;-;-;-
99274B3204701;Sykkelstamvegen Forus nord;EV39 S1000D65 m24;2026-06-01T02:00+02:00;2026-06-01T03:00+02:00;2026-06-01;02:00;03:00;Totalt;0;100,0;1;1;0;0;100,00;-;-;-;-;-;-;-;-
99274B3204701;Sykkelstamvegen Forus nord;EV39 S1000D65 m24;2026-06-01T03:00+02:00;2026-06-01T04:00+02:00;2026-06-01;03:00;04:00;1;0;100,0;1;1;0;0;100,00;-;-;-;-;-;-;-;-
99274B3204701;Sykkelstamvegen Forus nord;EV39 S1000D65 m24;2026-06-01T03:00+02:00;2026-06-01T04:00+02:00;2026-06-01;03:00;04:00;2;1;100,0;1;1;0;1;0,00;-;-;-;-;-;-;-;-
99274B3204701;Sykkelstamvegen Forus nord;EV39 S1000D65 m24;2026-06-01T03:00+02:00;2026-06-01T04:00+02:00;2026-06-01;03:00;04:00;Totalt i retning Sandnes;0;100,0;1;1;0;0;100,00;-;-;-;-;-;-;-;-
99274B3204701;Sykkelstamvegen Forus nord;EV39 S1000D65 m24;2026-06-01T03:00+02:00;2026-06-01T04:00+02:00;2026-06-01;03:00;04:00;Totalt i retning Stavanger;1;100,0;1;1;0;1;0,00;-;-;-;-;-;-;-;-
99274B3204701;Sykkelstamvegen Forus nord;EV39 S1000D65 m24;2026-06-01T03:00+02:00;2026-06-01T04:00+02:00;2026-06-01;03:00;04:00;Totalt;1;100,0;1;1;0;1;0,00;-;-;-;-;-;-;-;-
99274B3204701;Sykkelstamvegen Forus nord;EV39 S1000D65 m24;2026-06-01T04:00+02:00;2026-06-01T05:00+02:00;2026-06-01;04:00;05:00;1;0;100,0;1;1;0;0;100,00;-;-;-;-;-;-;-;-
99274B3204701;Sykkelstamvegen Forus nord;EV39 S1000D65 m24;2026-06-01T04:00+02:00;2026-06-01T05:00+02:00;2026-06-01;04:00;05:00;2;0;100,0;1;1;0;0;100,00;-;-;-;-;-;-;-;-
99274B3204701;Sykkelstamvegen Forus nord;EV39 S1000D65 m24;2026-06-01T04:00+02:00;2026-06-01T05:00+02:00;2026-06-01;04:00;05:00;Totalt i retning Sandnes;0;100,0;1;1;0;0;100,00;-;-;-;-;-;-;-;-
99274B3204701;Sykkelstamvegen Forus nord;EV39 S1000D65 m24;2026-06-01T04:00+02:00;2026-06-01T05:00+02:00;2026-06-01;04:00;05:00;Totalt i retning Stavanger;0;100,0;1;1;0;0;100,00;-;-;-;-;-;-;-;-
99274B3204701;Sykkelstamvegen Forus nord;EV39 S1000D65 m24;2026-06-01T04:00+02:00;2026-06-01T05:00+02:00;2026-06-01;04:00;05:00;Totalt;0;100,0;1;1;0;0;100,00;-;-;-;-;-;-;-;-
99274B3204701;Sykkelstamvegen Forus nord;EV39 S1000D65 m24;2026-06-01T05:00+02:00;2026-06-01T06:00+02:00;2026-06-01;05:00;06:00;1;2;100,0;1;1;0;2;0,00;-;-;-;-;-;-;-;-
99274B3204701;Sykkelstamvegen Forus nord;EV39 S1000D65 m24;2026-06-01T05:00+02:00;2026-06-01T06:00+02:00;2026-06-01;05:00;06:00;2;14;100,0;1;1;0;14;0,00;-;-;-;-;-;-;-;-
99274B3204701;Sykkelstamvegen Forus nord;EV39 S1000D65 m24;2026-06-01T05:00+02:00;2026-06-01T06:00+02:00;2026-06-01;05:00;06:00;Totalt i retning Sandnes;2;100,0;1;1;0;2;0,00;-;-;-;-;-;-;-;-
99274B3204701;Sykkelstamvegen Forus nord;EV39 S1000D65 m24;2026-06-01T05:00+02:00;2026-06-01T06:00+02:00;2026-06-01;05:00;06:00;Totalt i retning Stavanger;14;100,0;1;1;0;14;0,00;-;-;-;-;-;-;-;-
99274B3204701;Sykkelstamvegen Forus nord;EV39 S1000D65 m24;2026-06-01T05:00+02:00;2026-06-01T06:00+02:00;2026-06-01;05:00;06:00;Totalt;16;100,0;1;1;0;16;0,00;-;-;-;-;-;-;-;-
99274B3204701;Sykkelstamvegen Forus nord;EV39 S1000D65 m24;2026-06-01T06:00+02:00;2026-06-01T07:00+02:00;2026-06-01;06:00;07:00;1;38;100,0;1;1;0;38;0,00;-;-;-;-;-;-;-;-
99274B3204701;Sykkelstamvegen Forus nord;EV39 S1000D65 m24;2026-06-01T06:00+02:00;2026-06-01T07:00+02:00;2026-06-01;06:00;07:00;2;82;100,0;1;1;0;82;0,00;-;-;-;-;-;-;-;-
99274B3204701;Sykkelstamvegen Forus nord;EV39 S1000D65 m24;2026-06-01T06:00+02:00;2026-06-01T07:00+02:00;2026-06-01;06:00;07:00;Totalt i retning Sandnes;36;100,0;1;1;0;36;0,00;-;-;-;-;-;-;-;-
99274B3204701;Sykkelstamvegen Forus nord;EV39 S1000D65 m24;2026-06-01T06:00+02:00;2026-06-01T07:00+02:00;2026-06-01;06:00;07:00;Totalt i retning Stavanger;84;100,0;1;1;0;84;0,00;-;-;-;-;-;-;-;-
99274B3204701;Sykkelstamvegen Forus nord;EV39 S1000D65 m24;2026-06-01T06:00+02:00;2026-06-01T07:00+02:00;2026-06-01;06:00;07:00;Totalt;120;100,0;1;1;0;120;0,00;-;-;-;-;-;-;-;-
99274B3204701;Sykkelstamvegen Forus nord;EV39 S1000D65 m24;2026-06-01T07:00+02:00;2026-06-01T08:00+02:00;2026-06-01;07:00;08:00;1;48;100,0;1;1;0;48;0,00;-;-;-;-;-;-;-;-
99274B3204701;Sykkelstamvegen Forus nord;EV39 S1000D65 m24;2026-06-01T07:00+02:00;2026-06-01T08:00+02:00;2026-06-01;07:00;08:00;2;107;100,0;1;1;0;107;0,00;-;-;-;-;-;-;-;-
99274B3204701;Sykkelstamvegen Forus nord;EV39 S1000D65 m24;2026-06-01T07:00+02:00;2026-06-01T08:00+02:00;2026-06-01;07:00;08:00;Totalt i retning Sandnes;48;100,0;1;1;0;48;0,00;-;-;-;-;-;-;-;-
99274B3204701;Sykkelstamvegen Forus nord;EV39 S1000D65 m24;2026-06-01T07:00+02:00;2026-06-01T08:00+02:00;2026-06-01;07:00;08:00;Totalt i retning Stavanger;107;100,0;1;1;0;107;0,00;-;-;-;-;-;-;-;-
99274B3204701;Sykkelstamvegen Forus nord;EV39 S1000D65 m24;2026-06-01T07:00+02:00;2026-06-01T08:00+02:00;2026-06-01;07:00;08:00;Totalt;155;100,0;1;1;0;155;0,00;-;-;-;-;-;-;-;-
99274B3204701;Sykkelstamvegen Forus nord;EV39 S1000D65 m24;2026-06-01T08:00+02:00;2026-06-01T09:00+02:00;2026-06-01;08:00;09:00;1;23;100,0;1;1;0;23;0,00;-;-;-;-;-;-;-;-
99274B3204701;Sykkelstamvegen Forus nord;EV39 S1000D65 m24;2026-06-01T08:00+02:00;2026-06-01T09:00+02:00;2026-06-01;08:00;09:00;2;56;100,0;1;1;0;56;0,00;-;-;-;-;-;-;-;-
99274B3204701;Sykkelstamvegen Forus nord;EV39 S1000D65 m24;2026-06-01T08:00+02:00;2026-06-01T09:00+02:00;2026-06-01;08:00;09:00;Totalt i retning Sandnes;23;100,0;1;1;0;23;0,00;-;-;-;-;-;-;-;-
99274B3204701;Sykkelstamvegen Forus nord;EV39 S1000D65 m24;2026-06-01T08:00+02:00;2026-06-01T09:00+02:00;2026-06-01;08:00;09:00;Totalt i retning Stavanger;56;100,0;1;1;0;56;0,00;-;-;-;-;-;-;-;-
99274B3204701;Sykkelstamvegen Forus nord;EV39 S1000D65 m24;2026-06-01T08:00+02:00;2026-06-01T09:00+02:00;2026-06-01;08:00;09:00;Totalt;79;100,0;1;1;0;79;0,00;-;-;-;-;-;-;-;-
99274B3204701;Sykkelstamvegen Forus nord;EV39 S1000D65 m24;2026-06-01T09:00+02:00;2026-06-01T10:00+02:00;2026-06-01;09:00;10:00;1;11;100,0;1;1;0;11;0,00;-;-;-;-;-;-;-;-
99274B3204701;Sykkelstamvegen Forus nord;EV39 S1000D65 m24;2026-06-01T09:00+02:00;2026-06-01T10:00+02:00;2026-06-01;09:00;10:00;2;14;100,0;1;1;0;14;0,00;-;-;-;-;-;-;-;-
99274B3204701;Sykkelstamvegen Forus nord;EV39 S1000D65 m24;2026-06-01T09:00+02:00;2026-06-01T10:00+02:00;2026-06-01;09:00;10:00;Totalt i retning Sandnes;11;100,0;1;1;0;11;0,00;-;-;-;-;-;-;-;-
99274B3204701;Sykkelstamvegen Forus nord;EV39 S1000D65 m24;2026-06-01T09:00+02:00;2026-06-01T10:00+02:00;2026-06-01;09:00;10:00;Totalt i retning Stavanger;14;100,0;1;1;0;14;0,00;-;-;-;-;-;-;-;-
99274B3204701;Sykkelstamvegen Forus nord;EV39 S1000D65 m24;2026-06-01T09:00+02:00;2026-06-01T10:00+02:00;2026-06-01;09:00;10:00;Totalt;25;100,0;1;1;0;25;0,00;-;-;-;-;-;-;-;-
99274B3204701;Sykkelstamvegen Forus nord;EV39 S1000D65 m24;2026-06-01T10:00+02:00;2026-06-01T11:00+02:00;2026-06-01;10:00;11:00;1;12;100,0;1;1;0;12;0,00;-;-;-;-;-;-;-;-
99274B3204701;Sykkelstamvegen Forus nord;EV39 S1000D65 m24;2026-06-01T10:00+02:00;2026-06-01T11:00+02:00;2026-06-01;10:00;11:00;2;12;100,0;1;1;0;12;0,00;-;-;-;-;-;-;-;-
99274B3204701;Sykkelstamvegen Forus nord;EV39 S1000D65 m24;2026-06-01T10:00+02:00;2026-06-01T11:00+02:00;2026-06-01;10:00;11:00;Totalt i retning Sandnes;11;100,0;1;1;0;11;0,00;-;-;-;-;-;-;-;-
99274B3204701;Sykkelstamvegen Forus nord;EV39 S1000D65 m24;2026-06-01T10:00+02:00;2026-06-01T11:00+02:00;2026-06-01;10:00;11:00;Totalt i retning Stavanger;13;100,0;1;1;0;13;0,00;-;-;-;-;-;-;-;-
99274B3204701;Sykkelstamvegen Forus nord;EV39 S1000D65 m24;2026-06-01T10:00+02:00;2026-06-01T11:00+02:00;2026-06-01;10:00;11:00;Totalt;24;100,0;1;1;0;24;0,00;-;-;-;-;-;-;-;-
99274B3204701;Sykkelstamvegen Forus nord;EV39 S1000D65 m24;2026-06-01T11:00+02:00;2026-06-01T12:00+02:00;2026-06-01;11:00;12:00;1;14;100,0;1;1;0;14;0,00;-;-;-;-;-;-;-;-
99274B3204701;Sykkelstamvegen Forus nord;EV39 S1000D65 m24;2026-06-01T11:00+02:00;2026-06-01T12:00+02:00;2026-06-01;11:00;12:00;2;11;100,0;1;1;0;11;0,00;-;-;-;-;-;-;-;-
99274B3204701;Sykkelstamvegen Forus nord;EV39 S1000D65 m24;2026-06-01T11:00+02:00;2026-06-01T12:00+02:00;2026-06-01;11:00;12:00;Totalt i retning Sandnes;14;100,0;1;1;0;14;0,00;-;-;-;-;-;-;-;-
99274B3204701;Sykkelstamvegen Forus nord;EV39 S1000D65 m24;2026-06-01T11:00+02:00;2026-06-01T12:00+02:00;2026-06-01;11:00;12:00;Totalt i retning Stavanger;11;100,0;1;1;0;11;0,00;-;-;-;-;-;-;-;-
99274B3204701;Sykkelstamvegen Forus nord;EV39 S1000D65 m24;2026-06-01T11:00+02:00;2026-06-01T12:00+02:00;2026-06-01;11:00;12:00;Totalt;25;100,0;1;1;0;25;0,00;-;-;-;-;-;-;-;-
99274B3204701;Sykkelstamvegen Forus nord;EV39 S1000D65 m24;2026-06-01T12:00+02:00;2026-06-01T13:00+02:00;2026-06-01;12:00;13:00;1;8;100,0;1;1;0;8;0,00;-;-;-;-;-;-;-;-
99274B3204701;Sykkelstamvegen Forus nord;EV39 S1000D65 m24;2026-06-01T12:00+02:00;2026-06-01T13:00+02:00;2026-06-01;12:00;13:00;2;11;100,0;1;1;0;11;0,00;-;-;-;-;-;-;-;-
99274B3204701;Sykkelstamvegen Forus nord;EV39 S1000D65 m24;2026-06-01T12:00+02:00;2026-06-01T13:00+02:00;2026-06-01;12:00;13:00;Totalt i retning Sandnes;8;100,0;1;1;0;8;0,00;-;-;-;-;-;-;-;-
99274B3204701;Sykkelstamvegen Forus nord;EV39 S1000D65 m24;2026-06-01T12:00+02:00;2026-06-01T13:00+02:00;2026-06-01;12:00;13:00;Totalt i retning Stavanger;11;100,0;1;1;0;11;0,00;-;-;-;-;-;-;-;-
99274B3204701;Sykkelstamvegen Forus nord;EV39 S1000D65 m24;2026-06-01T12:00+02:00;2026-06-01T13:00+02:00;2026-06-01;12:00;13:00;Totalt;19;100,0;1;1;0;19;0,00;-;-;-;-;-;-;-;-
99274B3204701;Sykkelstamvegen Forus nord;EV39 S1000D65 m24;2026-06-01T13:00+02:00;2026-06-01T14:00+02:00;2026-06-01;13:00;14:00;1;11;100,0;1;1;0;11;0,00;-;-;-;-;-;-;-;-
99274B3204701;Sykkelstamvegen Forus nord;EV39 S1000D65 m24;2026-06-01T13:00+02:00;2026-06-01T14:00+02:00;2026-06-01;13:00;14:00;2;22;100,0;1;1;0;22;0,00;-;-;-;-;-;-;-;-
99274B3204701;Sykkelstamvegen Forus nord;EV39 S1000D65 m24;2026-06-01T13:00+02:00;2026-06-01T14:00+02:00;2026-06-01;13:00;14:00;Totalt i retning Sandnes;11;100,0;1;1;0;11;0,00;-;-;-;-;-;-;-;-
99274B3204701;Sykkelstamvegen Forus nord;EV39 S1000D65 m24;2026-06-01T13:00+02:00;2026-06-01T14:00+02:00;2026-06-01;13:00;14:00;Totalt i retning Stavanger;22;100,0;1;1;0;22;0,00;-;-;-;-;-;-;-;-
99274B3204701;Sykkelstamvegen Forus nord;EV39 S1000D65 m24;2026-06-01T13:00+02:00;2026-06-01T14:00+02:00;2026-06-01;13:00;14:00;Totalt;33;100,0;1;1;0;33;0,00;-;-;-;-;-;-;-;-
99274B3204701;Sykkelstamvegen Forus nord;EV39 S1000D65 m24;2026-06-01T14:00+02:00;2026-06-01T15:00+02:00;2026-06-01;14:00;15:00;1;40;100,0;1;1;0;40;0,00;-;-;-;-;-;-;-;-
99274B3204701;Sykkelstamvegen Forus nord;EV39 S1000D65 m24;2026-06-01T14:00+02:00;2026-06-01T15:00+02:00;2026-06-01;14:00;15:00;2;26;100,0;1;1;0;26;0,00;-;-;-;-;-;-;-;-
99274B3204701;Sykkelstamvegen Forus nord;EV39 S1000D65 m24;2026-06-01T14:00+02:00;2026-06-01T15:00+02:00;2026-06-01;14:00;15:00;Totalt i retning Sandnes;39;100,0;1;1;0;39;0,00;-;-;-;-;-;-;-;-
99274B3204701;Sykkelstamvegen Forus nord;EV39 S1000D65 m24;2026-06-01T14:00+02:00;2026-06-01T15:00+02:00;2026-06-01;14:00;15:00;Totalt i retning Stavanger;27;100,0;1;1;0;27;0,00;-;-;-;-;-;-;-;-
99274B3204701;Sykkelstamvegen Forus nord;EV39 S1000D65 m24;2026-06-01T14:00+02:00;2026-06-01T15:00+02:00;2026-06-01;14:00;15:00;Totalt;66;100,0;1;1;0;66;0,00;-;-;-;-;-;-;-;-
99274B3204701;Sykkelstamvegen Forus nord;EV39 S1000D65 m24;2026-06-01T15:00+02:00;2026-06-01T16:00+02:00;2026-06-01;15:00;16:00;1;128;100,0;1;1;0;128;0,00;-;-;-;-;-;-;-;-
99274B3204701;Sykkelstamvegen Forus nord;EV39 S1000D65 m24;2026-06-01T15:00+02:00;2026-06-01T16:00+02:00;2026-06-01;15:00;16:00;2;64;100,0;1;1;0;64;0,00;-;-;-;-;-;-;-;-
99274B3204701;Sykkelstamvegen Forus nord;EV39 S1000D65 m24;2026-06-01T15:00+02:00;2026-06-01T16:00+02:00;2026-06-01;15:00;16:00;Totalt i retning Sandnes;129;100,0;1;1;0;129;0,00;-;-;-;-;-;-;-;-
99274B3204701;Sykkelstamvegen Forus nord;EV39 S1000D65 m24;2026-06-01T15:00+02:00;2026-06-01T16:00+02:00;2026-06-01;15:00;16:00;Totalt i retning Stavanger;63;100,0;1;1;0;63;0,00;-;-;-;-;-;-;-;-
99274B3204701;Sykkelstamvegen Forus nord;EV39 S1000D65 m24;2026-06-01T15:00+02:00;2026-06-01T16:00+02:00;2026-06-01;15:00;16:00;Totalt;192;100,0;1;1;0;192;0,00;-;-;-;-;-;-;-;-
99274B3204701;Sykkelstamvegen Forus nord;EV39 S1000D65 m24;2026-06-01T16:00+02:00;2026-06-01T17:00+02:00;2026-06-01;16:00;17:00;1;104;100,0;1;1;0;104;0,00;-;-;-;-;-;-;-;-
99274B3204701;Sykkelstamvegen Forus nord;EV39 S1000D65 m24;2026-06-01T16:00+02:00;2026-06-01T17:00+02:00;2026-06-01;16:00;17:00;2;53;100,0;1;1;0;53;0,00;-;-;-;-;-;-;-;-
99274B3204701;Sykkelstamvegen Forus nord;EV39 S1000D65 m24;2026-06-01T16:00+02:00;2026-06-01T17:00+02:00;2026-06-01;16:00;17:00;Totalt i retning Sandnes;105;100,0;1;1;0;105;0,00;-;-;-;-;-;-;-;-
99274B3204701;Sykkelstamvegen Forus nord;EV39 S1000D65 m24;2026-06-01T16:00+02:00;2026-06-01T17:00+02:00;2026-06-01;16:00;17:00;Totalt i retning Stavanger;52;100,0;1;1;0;52;0,00;-;-;-;-;-;-;-;-
99274B3204701;Sykkelstamvegen Forus nord;EV39 S1000D65 m24;2026-06-01T16:00+02:00;2026-06-01T17:00+02:00;2026-06-01;16:00;17:00;Totalt;157;100,0;1;1;0;157;0,00;-;-;-;-;-;-;-;-
99274B3204701;Sykkelstamvegen Forus nord;EV39 S1000D65 m24;2026-06-01T17:00+02:00;2026-06-01T18:00+02:00;2026-06-01;17:00;18:00;1;39;100,0;1;1;0;39;0,00;-;-;-;-;-;-;-;-
99274B3204701;Sykkelstamvegen Forus nord;EV39 S1000D65 m24;2026-06-01T17:00+02:00;2026-06-01T18:00+02:00;2026-06-01;17:00;18:00;2;29;100,0;1;1;0;29;0,00;-;-;-;-;-;-;-;-
99274B3204701;Sykkelstamvegen Forus nord;EV39 S1000D65 m24;2026-06-01T17:00+02:00;2026-06-01T18:00+02:00;2026-06-01;17:00;18:00;Totalt i retning Sandnes;39;100,0;1;1;0;39;0,00;-;-;-;-;-;-;-;-
99274B3204701;Sykkelstamvegen Forus nord;EV39 S1000D65 m24;2026-06-01T17:00+02:00;2026-06-01T18:00+02:00;2026-06-01;17:00;18:00;Totalt i retning Stavanger;29;100,0;1;1;0;29;0,00;-;-;-;-;-;-;-;-
99274B3204701;Sykkelstamvegen Forus nord;EV39 S1000D65 m24;2026-06-01T17:00+02:00;2026-06-01T18:00+02:00;2026-06-01;17:00;18:00;Totalt;68;100,0;1;1;0;68;0,00;-;-;-;-;-;-;-;-
99274B3204701;Sykkelstamvegen Forus nord;EV39 S1000D65 m24;2026-06-01T18:00+02:00;2026-06-01T19:00+02:00;2026-06-01;18:00;19:00;1;28;100,0;1;1;0;28;0,00;-;-;-;-;-;-;-;-
99274B3204701;Sykkelstamvegen Forus nord;EV39 S1000D65 m24;2026-06-01T18:00+02:00;2026-06-01T19:00+02:00;2026-06-01;18:00;19:00;2;38;100,0;1;1;0;38;0,00;-;-;-;-;-;-;-;-
99274B3204701;Sykkelstamvegen Forus nord;EV39 S1000D65 m24;2026-06-01T18:00+02:00;2026-06-01T19:00+02:00;2026-06-01;18:00;19:00;Totalt i retning Sandnes;28;100,0;1;1;0;28;0,00;-;-;-;-;-;-;-;-
99274B3204701;Sykkelstamvegen Forus nord;EV39 S1000D65 m24;2026-06-01T18:00+02:00;2026-06-01T19:00+02:00;2026-06-01;18:00;19:00;Totalt i retning Stavanger;38;100,0;1;1;0;38;0,00;-;-;-;-;-;-;-;-
99274B3204701;Sykkelstamvegen Forus nord;EV39 S1000D65 m24;2026-06-01T18:00+02:00;2026-06-01T19:00+02:00;2026-06-01;18:00;19:00;Totalt;66;100,0;1;1;0;66;0,00;-;-;-;-;-;-;-;-
99274B3204701;Sykkelstamvegen Forus nord;EV39 S1000D65 m24;2026-06-01T19:00+02:00;2026-06-01T20:00+02:00;2026-06-01;19:00;20:00;1;20;100,0;1;1;0;20;0,00;-;-;-;-;-;-;-;-
99274B3204701;Sykkelstamvegen Forus nord;EV39 S1000D65 m24;2026-06-01T19:00+02:00;2026-06-01T20:00+02:00;2026-06-01;19:00;20:00;2;19;100,0;1;1;0;19;0,00;-;-;-;-;-;-;-;-
99274B3204701;Sykkelstamvegen Forus nord;EV39 S1000D65 m24;2026-06-01T19:00+02:00;2026-06-01T20:00+02:00;2026-06-01;19:00;20:00;Totalt i retning Sandnes;20;100,0;1;1;0;20;0,00;-;-;-;-;-;-;-;-
99274B3204701;Sykkelstamvegen Forus nord;EV39 S1000D65 m24;2026-06-01T19:00+02:00;2026-06-01T20:00+02:00;2026-06-01;19:00;20:00;Totalt i retning Stavanger;19;100,0;1;1;0;19;0,00;-;-;-;-;-;-;-;-
99274B3204701;Sykkelstamvegen Forus nord;EV39 S1000D65 m24;2026-06-01T19:00+02:00;2026-06-01T20:00+02:00;2026-06-01;19:00;20:00;Totalt;39;100,0;1;1;0;39;0,00;-;-;-;-;-;-;-;-
99274B3204701;Sykkelstamvegen Forus nord;EV39 S1000D65 m24;2026-06-01T20:00+02:00;2026-06-01T21:00+02:00;2026-06-01;20:00;21:00;1;11;100,0;1;1;0;11;0,00;-;-;-;-;-;-;-;-
99274B3204701;Sykkelstamvegen Forus nord;EV39 S1000D65 m24;2026-06-01T20:00+02:00;2026-06-01T21:00+02:00;2026-06-01;20:00;21:00;2;14;100,0;1;1;0;14;0,00;-;-;-;-;-;-;-;-
99274B3204701;Sykkelstamvegen Forus nord;EV39 S1000D65 m24;2026-06-01T20:00+02:00;2026-06-01T21:00+02:00;2026-06-01;20:00;21:00;Totalt i retning Sandnes;10;100,0;1;1;0;10;0,00;-;-;-;-;-;-;-;-
99274B3204701;Sykkelstamvegen Forus nord;EV39 S1000D65 m24;2026-06-01T20:00+02:00;2026-06-01T21:00+02:00;2026-06-01;20:00;21:00;Totalt i retning Stavanger;15;100,0;1;1;0;15;0,00;-;-;-;-;-;-;-;-
99274B3204701;Sykkelstamvegen Forus nord;EV39 S1000D65 m24;2026-06-01T20:00+02:00;2026-06-01T21:00+02:00;2026-06-01;20:00;21:00;Totalt;25;100,0;1;1;0;25;0,00;-;-;-;-;-;-;-;-
99274B3204701;Sykkelstamvegen Forus nord;EV39 S1000D65 m24;2026-06-01T21:00+02:00;2026-06-01T22:00+02:00;2026-06-01;21:00;22:00;1;9;100,0;1;1;0;9;0,00;-;-;-;-;-;-;-;-
99274B3204701;Sykkelstamvegen Forus nord;EV39 S1000D65 m24;2026-06-01T21:00+02:00;2026-06-01T22:00+02:00;2026-06-01;21:00;22:00;2;5;100,0;1;1;0;5;0,00;-;-;-;-;-;-;-;-
99274B3204701;Sykkelstamvegen Forus nord;EV39 S1000D65 m24;2026-06-01T21:00+02:00;2026-06-01T22:00+02:00;2026-06-01;21:00;22:00;Totalt i retning Sandnes;8;100,0;1;1;0;8;0,00;-;-;-;-;-;-;-;-
99274B3204701;Sykkelstamvegen Forus nord;EV39 S1000D65 m24;2026-06-01T21:00+02:00;2026-06-01T22:00+02:00;2026-06-01;21:00;22:00;Totalt i retning Stavanger;6;100,0;1;1;0;6;0,00;-;-;-;-;-;-;-;-
99274B3204701;Sykkelstamvegen Forus nord;EV39 S1000D65 m24;2026-06-01T21:00+02:00;2026-06-01T22:00+02:00;2026-06-01;21:00;22:00;Totalt;14;100,0;1;1;0;14;0,00;-;-;-;-;-;-;-;-
99274B3204701;Sykkelstamvegen Forus nord;EV39 S1000D65 m24;2026-06-01T22:00+02:00;2026-06-01T23:00+02:00;2026-06-01;22:00;23:00;1;7;100,0;1;1;0;7;0,00;-;-;-;-;-;-;-;-
99274B3204701;Sykkelstamvegen Forus nord;EV39 S1000D65 m24;2026-06-01T22:00+02:00;2026-06-01T23:00+02:00;2026-06-01;22:00;23:00;2;4;100,0;1;1;0;4;0,00;-;-;-;-;-;-;-;-
99274B3204701;Sykkelstamvegen Forus nord;EV39 S1000D65 m24;2026-06-01T22:00+02:00;2026-06-01T23:00+02:00;2026-06-01;22:00;23:00;Totalt i retning Sandnes;6;100,0;1;1;0;6;0,00;-;-;-;-;-;-;-;-
99274B3204701;Sykkelstamvegen Forus nord;EV39 S1000D65 m24;2026-06-01T22:00+02:00;2026-06-01T23:00+02:00;2026-06-01;22:00;23:00;Totalt i retning Stavanger;5;100,0;1;1;0;5;0,00;-;-;-;-;-;-;-;-
99274B3204701;Sykkelstamvegen Forus nord;EV39 S1000D65 m24;2026-06-01T22:00+02:00;2026-06-01T23:00+02:00;2026-06-01;22:00;23:00;Totalt;11;100,0;1;1;0;11;0,00;-;-;-;-;-;-;-;-
99274B3204701;Sykkelstamvegen Forus nord;EV39 S1000D65 m24;2026-06-01T23:00+02:00;2026-06-02T00:00+02:00;2026-06-01;23:00;00:00;1;1;100,0;1;1;0;1;0,00;-;-;-;-;-;-;-;-
99274B3204701;Sykkelstamvegen Forus nord;EV39 S1000D65 m24;2026-06-01T23:00+02:00;2026-06-02T00:00+02:00;2026-06-01;23:00;00:00;2;0;100,0;1;1;0;0;100,00;-;-;-;-;-;-;-;-
99274B3204701;Sykkelstamvegen Forus nord;EV39 S1000D65 m24;2026-06-01T23:00+02:00;2026-06-02T00:00+02:00;2026-06-01;23:00;00:00;Totalt i retning Sandnes;1;100,0;1;1;0;1;0,00;-;-;-;-;-;-;-;-
99274B3204701;Sykkelstamvegen Forus nord;EV39 S1000D65 m24;2026-06-01T23:00+02:00;2026-06-02T00:00+02:00;2026-06-01;23:00;00:00;Totalt i retning Stavanger;0;100,0;1;1;0;0;100,00;-;-;-;-;-;-;-;-
99274B3204701;Sykkelstamvegen Forus nord;EV39 S1000D65 m24;2026-06-01T23:00+02:00;2026-06-02T00:00+02:00;2026-06-01;23:00;00:00;Totalt;1;100,0;1;1;0;1;0,00;-;-;-;-;-;-;-;-
99274B3204701;Sykkelstamvegen Forus nord;EV39 S1000D65 m24;2026-06-02T00:00+02:00;2026-06-02T01:00+02:00;2026-06-02;00:00;01:00;1;1;100,0;1;1;0;1;0,00;-;-;-;-;-;-;-;-
99274B3204701;Sykkelstamvegen Forus nord;EV39 S1000D65 m24;2026-06-02T00:00+02:00;2026-06-02T01:00+02:00;2026-06-02;00:00;01:00;2;0;100,0;1;1;0;0;100,00;-;-;-;-;-;-;-;-
99274B3204701;Sykkelstamvegen Forus nord;EV39 S1000D65 m24;2026-06-02T00:00+02:00;2026-06-02T01:00+02:00;2026-06-02;00:00;01:00;Totalt i retning Sandnes;1;100,0;1;1;0;1;0,00;-;-;-;-;-;-;-;-
99274B3204701;Sykkelstamvegen Forus nord;EV39 S1000D65 m24;2026-06-02T00:00+02:00;2026-06-02T01:00+02:00;2026-06-02;00:00;01:00;Totalt i retning Stavanger;0;100,0;1;1;0;0;100,00;-;-;-;-;-;-;-;-
99274B3204701;Sykkelstamvegen Forus nord;EV39 S1000D65 m24;2026-06-02T00:00+02:00;2026-06-02T01:00+02:00;2026-06-02;00:00;01:00;Totalt;1;100,0;1;1;0;1;0,00;-;-;-;-;-;-;-;-
99274B3204701;Sykkelstamvegen Forus nord;EV39 S1000D65 m24;2026-06-02T01:00+02:00;2026-06-02T02:00+02:00;2026-06-02;01:00;02:00;1;0;100,0;1;1;0;0;100,00;-;-;-;-;-;-;-;-
99274B3204701;Sykkelstamvegen Forus nord;EV39 S1000D65 m24;2026-06-02T01:00+02:00;2026-06-02T02:00+02:00;2026-06-02;01:00;02:00;2;0;100,0;1;1;0;0;100,00;-;-;-;-;-;-;-;-
99274B3204701;Sykkelstamvegen Forus nord;EV39 S1000D65 m24;2026-06-02T01:00+02:00;2026-06-02T02:00+02:00;2026-06-02;01:00;02:00;Totalt i retning Sandnes;0;100,0;1;1;0;0;100,00;-;-;-;-;-;-;-;-
99274B3204701;Sykkelstamvegen Forus nord;EV39 S1000D65 m24;2026-06-02T01:00+02:00;2026-06-02T02:00+02:00;2026-06-02;01:00;02:00;Totalt i retning Stavanger;0;100,0;1;1;0;0;100,00;-;-;-;-;-;-;-;-
99274B3204701;Sykkelstamvegen Forus nord;EV39 S1000D65 m24;2026-06-02T01:00+02:00;2026-06-02T02:00+02:00;2026-06-02;01:00;02:00;Totalt;0;100,0;1;1;0;0;100,00;-;-;-;-;-;-;-;-
99274B3204701;Sykkelstamvegen Forus nord;EV39 S1000D65 m24;2026-06-02T02:00+02:00;2026-06-02T03:00+02:00;2026-06-02;02:00;03:00;1;0;100,0;1;1;0;0;100,00;-;-;-;-;-;-;-;-
99274B3204701;Sykkelstamvegen Forus nord;EV39 S1000D65 m24;2026-06-02T02:00+02:00;2026-06-02T03:00+02:00;2026-06-02;02:00;03:00;2;0;100,0;1;1;0;0;100,00;-;-;-;-;-;-;-;-
99274B3204701;Sykkelstamvegen Forus nord;EV39 S1000D65 m24;2026-06-02T02:00+02:00;2026-06-02T03:00+02:00;2026-06-02;02:00;03:00;Totalt i retning Sandnes;0;100,0;1;1;0;0;100,00;-;-;-;-;-;-;-;-
99274B3204701;Sykkelstamvegen Forus nord;EV39 S1000D65 m24;2026-06-02T02:00+02:00;2026-06-02T03:00+02:00;2026-06-02;02:00;03:00;Totalt i retning Stavanger;0;100,0;1;1;0;0;100,00;-;-;-;-;-;-;-;-
99274B3204701;Sykkelstamvegen Forus nord;EV39 S1000D65 m24;2026-06-02T02:00+02:00;2026-06-02T03:00+02:00;2026-06-02;02:00;03:00;Totalt;0;100,0;1;1;0;0;100,00;-;-;-;-;-;-;-;-
99274B3204701;Sykkelstamvegen Forus nord;EV39 S1000D65 m24;2026-06-02T03:00+02:00;2026-06-02T04:00+02:00;2026-06-02;03:00;04:00;1;0;100,0;1;1;0;0;100,00;-;-;-;-;-;-;-;-
99274B3204701;Sykkelstamvegen Forus nord;EV39 S1000D65 m24;2026-06-02T03:00+02:00;2026-06-02T04:00+02:00;2026-06-02;03:00;04:00;2;0;100,0;1;1;0;0;100,00;-;-;-;-;-;-;-;-
99274B3204701;Sykkelstamvegen Forus nord;EV39 S1000D65 m24;2026-06-02T03:00+02:00;2026-06-02T04:00+02:00;2026-06-02;03:00;04:00;Totalt i retning Sandnes;0;100,0;1;1;0;0;100,00;-;-;-;-;-;-;-;-
99274B3204701;Sykkelstamvegen Forus nord;EV39 S1000D65 m24;2026-06-02T03:00+02:00;2026-06-02T04:00+02:00;2026-06-02;03:00;04:00;Totalt i retning Stavanger;0;100,0;1;1;0;0;100,00;-;-;-;-;-;-;-;-
99274B3204701;Sykkelstamvegen Forus nord;EV39 S1000D65 m24;2026-06-02T03:00+02:00;2026-06-02T04:00+02:00;2026-06-02;03:00;04:00;Totalt;0;100,0;1;1;0;0;100,00;-;-;-;-;-;-;-;-
99274B3204701;Sykkelstamvegen Forus nord;EV39 S1000D65 m24;2026-06-02T04:00+02:00;2026-06-02T05:00+02:00;2026-06-02;04:00;05:00;1;0;100,0;1;1;0;0;100,00;-;-;-;-;-;-;-;-
99274B3204701;Sykkelstamvegen Forus nord;EV39 S1000D65 m24;2026-06-02T04:00+02:00;2026-06-02T05:00+02:00;2026-06-02;04:00;05:00;2;2;100,0;1;1;0;2;0,00;-;-;-;-;-;-;-;-
99274B3204701;Sykkelstamvegen Forus nord;EV39 S1000D65 m24;2026-06-02T04:00+02:00;2026-06-02T05:00+02:00;2026-06-02;04:00;05:00;Totalt i retning Sandnes;0;100,0;1;1;0;0;100,00;-;-;-;-;-;-;-;-
99274B3204701;Sykkelstamvegen Forus nord;EV39 S1000D65 m24;2026-06-02T04:00+02:00;2026-06-02T05:00+02:00;2026-06-02;04:00;05:00;Totalt i retning Stavanger;2;100,0;1;1;0;2;0,00;-;-;-;-;-;-;-;-
99274B3204701;Sykkelstamvegen Forus nord;EV39 S1000D65 m24;2026-06-02T04:00+02:00;2026-06-02T05:00+02:00;2026-06-02;04:00;05:00;Totalt;2;100,0;1;1;0;2;0,00;-;-;-;-;-;-;-;-
99274B3204701;Sykkelstamvegen Forus nord;EV39 S1000D65 m24;2026-06-02T05:00+02:00;2026-06-02T06:00+02:00;2026-06-02;05:00;06:00;1;3;100,0;1;1;0;3;0,00;-;-;-;-;-;-;-;-
99274B3204701;Sykkelstamvegen Forus nord;EV39 S1000D65 m24;2026-06-02T05:00+02:00;2026-06-02T06:00+02:00;2026-06-02;05:00;06:00;2;12;100,0;1;1;0;12;0,00;-;-;-;-;-;-;-;-
99274B3204701;Sykkelstamvegen Forus nord;EV39 S1000D65 m24;2026-06-02T05:00+02:00;2026-06-02T06:00+02:00;2026-06-02;05:00;06:00;Totalt i retning Sandnes;3;100,0;1;1;0;3;0,00;-;-;-;-;-;-;-;-
99274B3204701;Sykkelstamvegen Forus nord;EV39 S1000D65 m24;2026-06-02T05:00+02:00;2026-06-02T06:00+02:00;2026-06-02;05:00;06:00;Totalt i retning Stavanger;12;100,0;1;1;0;12;0,00;-;-;-;-;-;-;-;-
99274B3204701;Sykkelstamvegen Forus nord;EV39 S1000D65 m24;2026-06-02T05:00+02:00;2026-06-02T06:00+02:00;2026-06-02;05:00;06:00;Totalt;15;100,0;1;1;0;15;0,00;-;-;-;-;-;-;-;-
99274B3204701;Sykkelstamvegen Forus nord;EV39 S1000D65 m24;2026-06-02T06:00+02:00;2026-06-02T07:00+02:00;2026-06-02;06:00;07:00;1;22;100,0;1;1;0;22;0,00;-;-;-;-;-;-;-;-
99274B3204701;Sykkelstamvegen Forus nord;EV39 S1000D65 m24;2026-06-02T06:00+02:00;2026-06-02T07:00+02:00;2026-06-02;06:00;07:00;2;78;100,0;1;1;0;78;0,00;-;-;-;-;-;-;-;-
99274B3204701;Sykkelstamvegen Forus nord;EV39 S1000D65 m24;2026-06-02T06:00+02:00;2026-06-02T07:00+02:00;2026-06-02;06:00;07:00;Totalt i retning Sandnes;23;100,0;1;1;0;23;0,00;-;-;-;-;-;-;-;-
99274B3204701;Sykkelstamvegen Forus nord;EV39 S1000D65 m24;2026-06-02T06:00+02:00;2026-06-02T07:00+02:00;2026-06-02;06:00;07:00;Totalt i retning Stavanger;77;100,0;1;1;0;77;0,00;-;-;-;-;-;-;-;-
99274B3204701;Sykkelstamvegen Forus nord;EV39 S1000D65 m24;2026-06-02T06:00+02:00;2026-06-02T07:00+02:00;2026-06-02;06:00;07:00;Totalt;100;100,0;1;1;0;100;0,00;-;-;-;-;-;-;-;-
99274B3204701;Sykkelstamvegen Forus nord;EV39 S1000D65 m24;2026-06-02T07:00+02:00;2026-06-02T08:00+02:00;2026-06-02;07:00;08:00;1;26;100,0;1;1;0;26;0,00;-;-;-;-;-;-;-;-
99274B3204701;Sykkelstamvegen Forus nord;EV39 S1000D65 m24;2026-06-02T07:00+02:00;2026-06-02T08:00+02:00;2026-06-02;07:00;08:00;2;108;100,0;1;1;0;108;0,00;-;-;-;-;-;-;-;-
99274B3204701;Sykkelstamvegen Forus nord;EV39 S1000D65 m24;2026-06-02T07:00+02:00;2026-06-02T08:00+02:00;2026-06-02;07:00;08:00;Totalt i retning Sandnes;27;100,0;1;1;0;27;0,00;-;-;-;-;-;-;-;-
99274B3204701;Sykkelstamvegen Forus nord;EV39 S1000D65 m24;2026-06-02T07:00+02:00;2026-06-02T08:00+02:00;2026-06-02;07:00;08:00;Totalt i retning Stavanger;107;100,0;1;1;0;107;0,00;-;-;-;-;-;-;-;-
99274B3204701;Sykkelstamvegen Forus nord;EV39 S1000D65 m24;2026-06-02T07:00+02:00;2026-06-02T08:00+02:00;2026-06-02;07:00;08:00;Totalt;134;100,0;1;1;0;134;0,00;-;-;-;-;-;-;-;-
99274B3204701;Sykkelstamvegen Forus nord;EV39 S1000D65 m24;2026-06-02T08:00+02:00;2026-06-02T09:00+02:00;2026-06-02;08:00;09:00;1;24;100,0;1;1;0;24;0,00;-;-;-;-;-;-;-;-
99274B3204701;Sykkelstamvegen Forus nord;EV39 S1000D65 m24;2026-06-02T08:00+02:00;2026-06-02T09:00+02:00;2026-06-02;08:00;09:00;2;48;100,0;1;1;0;48;0,00;-;-;-;-;-;-;-;-
99274B3204701;Sykkelstamvegen Forus nord;EV39 S1000D65 m24;2026-06-02T08:00+02:00;2026-06-02T09:00+02:00;2026-06-02;08:00;09:00;Totalt i retning Sandnes;24;100,0;1;1;0;24;0,00;-;-;-;-;-;-;-;-
99274B3204701;Sykkelstamvegen Forus nord;EV39 S1000D65 m24;2026-06-02T08:00+02:00;2026-06-02T09:00+02:00;2026-06-02;08:00;09:00;Totalt i retning Stavanger;48;100,0;1;1;0;48;0,00;-;-;-;-;-;-;-;-
99274B3204701;Sykkelstamvegen Forus nord;EV39 S1000D65 m24;2026-06-02T08:00+02:00;2026-06-02T09:00+02:00;2026-06-02;08:00;09:00;Totalt;72;100,0;1;1;0;72;0,00;-;-;-;-;-;-;-;-
99274B3204701;Sykkelstamvegen Forus nord;EV39 S1000D65 m24;2026-06-02T09:00+02:00;2026-06-02T10:00+02:00;2026-06-02;09:00;10:00;1;7;100,0;1;1;0;7;0,00;-;-;-;-;-;-;-;-
99274B3204701;Sykkelstamvegen Forus nord;EV39 S1000D65 m24;2026-06-02T09:00+02:00;2026-06-02T10:00+02:00;2026-06-02;09:00;10:00;2;13;100,0;1;1;0;13;0,00;-;-;-;-;-;-;-;-
99274B3204701;Sykkelstamvegen Forus nord;EV39 S1000D65 m24;2026-06-02T09:00+02:00;2026-06-02T10:00+02:00;2026-06-02;09:00;10:00;Totalt i retning Sandnes;7;100,0;1;1;0;7;0,00;-;-;-;-;-;-;-;-
99274B3204701;Sykkelstamvegen Forus nord;EV39 S1000D65 m24;2026-06-02T09:00+02:00;2026-06-02T10:00+02:00;2026-06-02;09:00;10:00;Totalt i retning Stavanger;13;100,0;1;1;0;13;0,00;-;-;-;-;-;-;-;-
99274B3204701;Sykkelstamvegen Forus nord;EV39 S1000D65 m24;2026-06-02T09:00+02:00;2026-06-02T10:00+02:00;2026-06-02;09:00;10:00;Totalt;20;100,0;1;1;0;20;0,00;-;-;-;-;-;-;-;-
99274B3204701;Sykkelstamvegen Forus nord;EV39 S1000D65 m24;2026-06-02T10:00+02:00;2026-06-02T11:00+02:00;2026-06-02;10:00;11:00;1;10;100,0;1;1;0;10;0,00;-;-;-;-;-;-;-;-
99274B3204701;Sykkelstamvegen Forus nord;EV39 S1000D65 m24;2026-06-02T10:00+02:00;2026-06-02T11:00+02:00;2026-06-02;10:00;11:00;2;8;100,0;1;1;0;8;0,00;-;-;-;-;-;-;-;-
99274B3204701;Sykkelstamvegen Forus nord;EV39 S1000D65 m24;2026-06-02T10:00+02:00;2026-06-02T11:00+02:00;2026-06-02;10:00;11:00;Totalt i retning Sandnes;10;100,0;1;1;0;10;0,00;-;-;-;-;-;-;-;-
99274B3204701;Sykkelstamvegen Forus nord;EV39 S1000D65 m24;2026-06-02T10:00+02:00;2026-06-02T11:00+02:00;2026-06-02;10:00;11:00;Totalt i retning Stavanger;8;100,0;1;1;0;8;0,00;-;-;-;-;-;-;-;-
99274B3204701;Sykkelstamvegen Forus nord;EV39 S1000D65 m24;2026-06-02T10:00+02:00;2026-06-02T11:00+02:00;2026-06-02;10:00;11:00;Totalt;18;100,0;1;1;0;18;0,00;-;-;-;-;-;-;-;-
99274B3204701;Sykkelstamvegen Forus nord;EV39 S1000D65 m24;2026-06-02T11:00+02:00;2026-06-02T12:00+02:00;2026-06-02;11:00;12:00;1;10;100,0;1;1;0;10;0,00;-;-;-;-;-;-;-;-
99274B3204701;Sykkelstamvegen Forus nord;EV39 S1000D65 m24;2026-06-02T11:00+02:00;2026-06-02T12:00+02:00;2026-06-02;11:00;12:00;2;14;100,0;1;1;0;14;0,00;-;-;-;-;-;-;-;-
99274B3204701;Sykkelstamvegen Forus nord;EV39 S1000D65 m24;2026-06-02T11:00+02:00;2026-06-02T12:00+02:00;2026-06-02;11:00;12:00;Totalt i retning Sandnes;10;100,0;1;1;0;10;0,00;-;-;-;-;-;-;-;-
99274B3204701;Sykkelstamvegen Forus nord;EV39 S1000D65 m24;2026-06-02T11:00+02:00;2026-06-02T12:00+02:00;2026-06-02;11:00;12:00;Totalt i retning Stavanger;14;100,0;1;1;0;14;0,00;-;-;-;-;-;-;-;-
99274B3204701;Sykkelstamvegen Forus nord;EV39 S1000D65 m24;2026-06-02T11:00+02:00;2026-06-02T12:00+02:00;2026-06-02;11:00;12:00;Totalt;24;100,0;1;1;0;24;0,00;-;-;-;-;-;-;-;-
99274B3204701;Sykkelstamvegen Forus nord;EV39 S1000D65 m24;2026-06-02T12:00+02:00;2026-06-02T13:00+02:00;2026-06-02;12:00;13:00;1;11;100,0;1;1;0;11;0,00;-;-;-;-;-;-;-;-
99274B3204701;Sykkelstamvegen Forus nord;EV39 S1000D65 m24;2026-06-02T12:00+02:00;2026-06-02T13:00+02:00;2026-06-02;12:00;13:00;2;17;100,0;1;1;0;17;0,00;-;-;-;-;-;-;-;-
99274B3204701;Sykkelstamvegen Forus nord;EV39 S1000D65 m24;2026-06-02T12:00+02:00;2026-06-02T13:00+02:00;2026-06-02;12:00;13:00;Totalt i retning Sandnes;13;100,0;1;1;0;13;0,00;-;-;-;-;-;-;-;-
99274B3204701;Sykkelstamvegen Forus nord;EV39 S1000D65 m24;2026-06-02T12:00+02:00;2026-06-02T13:00+02:00;2026-06-02;12:00;13:00;Totalt i retning Stavanger;15;100,0;1;1;0;15;0,00;-;-;-;-;-;-;-;-
99274B3204701;Sykkelstamvegen Forus nord;EV39 S1000D65 m24;2026-06-02T12:00+02:00;2026-06-02T13:00+02:00;2026-06-02;12:00;13:00;Totalt;28;100,0;1;1;0;28;0,00;-;-;-;-;-;-;-;-
99274B3204701;Sykkelstamvegen Forus nord;EV39 S1000D65 m24;2026-06-02T13:00+02:00;2026-06-02T14:00+02:00;2026-06-02;13:00;14:00;1;15;100,0;1;1;0;15;0,00;-;-;-;-;-;-;-;-
99274B3204701;Sykkelstamvegen Forus nord;EV39 S1000D65 m24;2026-06-02T13:00+02:00;2026-06-02T14:00+02:00;2026-06-02;13:00;14:00;2;6;100,0;1;1;0;6;0,00;-;-;-;-;-;-;-;-
99274B3204701;Sykkelstamvegen Forus nord;EV39 S1000D65 m24;2026-06-02T13:00+02:00;2026-06-02T14:00+02:00;2026-06-02;13:00;14:00;Totalt i retning Sandnes;15;100,0;1;1;0;15;0,00;-;-;-;-;-;-;-;-
99274B3204701;Sykkelstamvegen Forus nord;EV39 S1000D65 m24;2026-06-02T13:00+02:00;2026-06-02T14:00+02:00;2026-06-02;13:00;14:00;Totalt i retning Stavanger;6;100,0;1;1;0;6;0,00;-;-;-;-;-;-;-;-
99274B3204701;Sykkelstamvegen Forus nord;EV39 S1000D65 m24;2026-06-02T13:00+02:00;2026-06-02T14:00+02:00;2026-06-02;13:00;14:00;Totalt;21;100,0;1;1;0;21;0,00;-;-;-;-;-;-;-;-
99274B3204701;Sykkelstamvegen Forus nord;EV39 S1000D65 m24;2026-06-02T14:00+02:00;2026-06-02T15:00+02:00;2026-06-02;14:00;15:00;1;37;100,0;1;1;0;37;0,00;-;-;-;-;-;-;-;-
99274B3204701;Sykkelstamvegen Forus nord;EV39 S1000D65 m24;2026-06-02T14:00+02:00;2026-06-02T15:00+02:00;2026-06-02;14:00;15:00;2;16;100,0;1;1;0;16;0,00;-;-;-;-;-;-;-;-
99274B3204701;Sykkelstamvegen Forus nord;EV39 S1000D65 m24;2026-06-02T14:00+02:00;2026-06-02T15:00+02:00;2026-06-02;14:00;15:00;Totalt i retning Sandnes;37;100,0;1;1;0;37;0,00;-;-;-;-;-;-;-;-
99274B3204701;Sykkelstamvegen Forus nord;EV39 S1000D65 m24;2026-06-02T14:00+02:00;2026-06-02T15:00+02:00;2026-06-02;14:00;15:00;Totalt i retning Stavanger;16;100,0;1;1;0;16;0,00;-;-;-;-;-;-;-;-
99274B3204701;Sykkelstamvegen Forus nord;EV39 S1000D65 m24;2026-06-02T14:00+02:00;2026-06-02T15:00+02:00;2026-06-02;14:00;15:00;Totalt;53;100,0;1;1;0;53;0,00;-;-;-;-;-;-;-;-
99274B3204701;Sykkelstamvegen Forus nord;EV39 S1000D65 m24;2026-06-02T15:00+02:00;2026-06-02T16:00+02:00;2026-06-02;15:00;16:00;1;94;100,0;1;1;0;94;0,00;-;-;-;-;-;-;-;-
99274B3204701;Sykkelstamvegen Forus nord;EV39 S1000D65 m24;2026-06-02T15:00+02:00;2026-06-02T16:00+02:00;2026-06-02;15:00;16:00;2;35;100,0;1;1;0;35;0,00;-;-;-;-;-;-;-;-
99274B3204701;Sykkelstamvegen Forus nord;EV39 S1000D65 m24;2026-06-02T15:00+02:00;2026-06-02T16:00+02:00;2026-06-02;15:00;16:00;Totalt i retning Sandnes;94;100,0;1;1;0;94;0,00;-;-;-;-;-;-;-;-
99274B3204701;Sykkelstamvegen Forus nord;EV39 S1000D65 m24;2026-06-02T15:00+02:00;2026-06-02T16:00+02:00;2026-06-02;15:00;16:00;Totalt i retning Stavanger;35;100,0;1;1;0;35;0,00;-;-;-;-;-;-;-;-
99274B3204701;Sykkelstamvegen Forus nord;EV39 S1000D65 m24;2026-06-02T15:00+02:00;2026-06-02T16:00+02:00;2026-06-02;15:00;16:00;Totalt;129;100,0;1;1;0;129;0,00;-;-;-;-;-;-;-;-
99274B3204701;Sykkelstamvegen Forus nord;EV39 S1000D65 m24;2026-06-02T16:00+02:00;2026-06-02T17:00+02:00;2026-06-02;16:00;17:00;1;85;100,0;1;1;0;85;0,00;-;-;-;-;-;-;-;-
99274B3204701;Sykkelstamvegen Forus nord;EV39 S1000D65 m24;2026-06-02T16:00+02:00;2026-06-02T17:00+02:00;2026-06-02;16:00;17:00;2;41;100,0;1;1;0;41;0,00;-;-;-;-;-;-;-;-
99274B3204701;Sykkelstamvegen Forus nord;EV39 S1000D65 m24;2026-06-02T16:00+02:00;2026-06-02T17:00+02:00;2026-06-02;16:00;17:00;Totalt i retning Sandnes;85;100,0;1;1;0;85;0,00;-;-;-;-;-;-;-;-
99274B3204701;Sykkelstamvegen Forus nord;EV39 S1000D65 m24;2026-06-02T16:00+02:00;2026-06-02T17:00+02:00;2026-06-02;16:00;17:00;Totalt i retning Stavanger;41;100,0;1;1;0;41;0,00;-;-;-;-;-;-;-;-
99274B3204701;Sykkelstamvegen Forus nord;EV39 S1000D65 m24;2026-06-02T16:00+02:00;2026-06-02T17:00+02:00;2026-06-02;16:00;17:00;Totalt;126;100,0;1;1;0;126;0,00;-;-;-;-;-;-;-;-
99274B3204701;Sykkelstamvegen Forus nord;EV39 S1000D65 m24;2026-06-02T17:00+02:00;2026-06-02T18:00+02:00;2026-06-02;17:00;18:00;1;36;100,0;1;1;0;36;0,00;-;-;-;-;-;-;-;-
99274B3204701;Sykkelstamvegen Forus nord;EV39 S1000D65 m24;2026-06-02T17:00+02:00;2026-06-02T18:00+02:00;2026-06-02;17:00;18:00;2;19;100,0;1;1;0;19;0,00;-;-;-;-;-;-;-;-
99274B3204701;Sykkelstamvegen Forus nord;EV39 S1000D65 m24;2026-06-02T17:00+02:00;2026-06-02T18:00+02:00;2026-06-02;17:00;18:00;Totalt i retning Sandnes;36;100,0;1;1;0;36;0,00;-;-;-;-;-;-;-;-
99274B3204701;Sykkelstamvegen Forus nord;EV39 S1000D65 m24;2026-06-02T17:00+02:00;2026-06-02T18:00+02:00;2026-06-02;17:00;18:00;Totalt i retning Stavanger;19;100,0;1;1;0;19;0,00;-;-;-;-;-;-;-;-
99274B3204701;Sykkelstamvegen Forus nord;EV39 S1000D65 m24;2026-06-02T17:00+02:00;2026-06-02T18:00+02:00;2026-06-02;17:00;18:00;Totalt;55;100,0;1;1;0;55;0,00;-;-;-;-;-;-;-;-
99274B3204701;Sykkelstamvegen Forus nord;EV39 S1000D65 m24;2026-06-02T18:00+02:00;2026-06-02T19:00+02:00;2026-06-02;18:00;19:00;1;22;100,0;1;1;0;22;0,00;-;-;-;-;-;-;-;-
99274B3204701;Sykkelstamvegen Forus nord;EV39 S1000D65 m24;2026-06-02T18:00+02:00;2026-06-02T19:00+02:00;2026-06-02;18:00;19:00;2;27;100,0;1;1;0;27;0,00;-;-;-;-;-;-;-;-
99274B3204701;Sykkelstamvegen Forus nord;EV39 S1000D65 m24;2026-06-02T18:00+02:00;2026-06-02T19:00+02:00;2026-06-02;18:00;19:00;Totalt i retning Sandnes;24;100,0;1;1;0;24;0,00;-;-;-;-;-;-;-;-
99274B3204701;Sykkelstamvegen Forus nord;EV39 S1000D65 m24;2026-06-02T18:00+02:00;2026-06-02T19:00+02:00;2026-06-02;18:00;19:00;Totalt i retning Stavanger;25;100,0;1;1;0;25;0,00;-;-;-;-;-;-;-;-
99274B3204701;Sykkelstamvegen Forus nord;EV39 S1000D65 m24;2026-06-02T18:00+02:00;2026-06-02T19:00+02:00;2026-06-02;18:00;19:00;Totalt;49;100,0;1;1;0;49;0,00;-;-;-;-;-;-;-;-
99274B3204701;Sykkelstamvegen Forus nord;EV39 S1000D65 m24;2026-06-02T19:00+02:00;2026-06-02T20:00+02:00;2026-06-02;19:00;20:00;1;16;100,0;1;1;0;16;0,00;-;-;-;-;-;-;-;-
99274B3204701;Sykkelstamvegen Forus nord;EV39 S1000D65 m24;2026-06-02T19:00+02:00;2026-06-02T20:00+02:00;2026-06-02;19:00;20:00;2;11;100,0;1;1;0;11;0,00;-;-;-;-;-;-;-;-
99274B3204701;Sykkelstamvegen Forus nord;EV39 S1000D65 m24;2026-06-02T19:00+02:00;2026-06-02T20:00+02:00;2026-06-02;19:00;20:00;Totalt i retning Sandnes;16;100,0;1;1;0;16;0,00;-;-;-;-;-;-;-;-
99274B3204701;Sykkelstamvegen Forus nord;EV39 S1000D65 m24;2026-06-02T19:00+02:00;2026-06-02T20:00+02:00;2026-06-02;19:00;20:00;Totalt i retning Stavanger;11;100,0;1;1;0;11;0,00;-;-;-;-;-;-;-;-
99274B3204701;Sykkelstamvegen Forus nord;EV39 S1000D65 m24;2026-06-02T19:00+02:00;2026-06-02T20:00+02:00;2026-06-02;19:00;20:00;Totalt;27;100,0;1;1;0;27;0,00;-;-;-;-;-;-;-;-
99274B3204701;Sykkelstamvegen Forus nord;EV39 S1000D65 m24;2026-06-02T20:00+02:00;2026-06-02T21:00+02:00;2026-06-02;20:00;21:00;1;10;100,0;1;1;0;10;0,00;-;-;-;-;-;-;-;-
99274B3204701;Sykkelstamvegen Forus nord;EV39 S1000D65 m24;2026-06-02T20:00+02:00;2026-06-02T21:00+02:00;2026-06-02;20:00;21:00;2;10;100,0;1;1;0;10;0,00;-;-;-;-;-;-;-;-
99274B3204701;Sykkelstamvegen Forus nord;EV39 S1000D65 m24;2026-06-02T20:00+02:00;2026-06-02T21:00+02:00;2026-06-02;20:00;21:00;Totalt i retning Sandnes;9;100,0;1;1;0;9;0,00;-;-;-;-;-;-;-;-
99274B3204701;Sykkelstamvegen Forus nord;EV39 S1000D65 m24;2026-06-02T20:00+02:00;2026-06-02T21:00+02:00;2026-06-02;20:00;21:00;Totalt i retning Stavanger;11;100,0;1;1;0;11;0,00;-;-;-;-;-;-;-;-
99274B3204701;Sykkelstamvegen Forus nord;EV39 S1000D65 m24;2026-06-02T20:00+02:00;2026-06-02T21:00+02:00;2026-06-02;20:00;21:00;Totalt;20;100,0;1;1;0;20;0,00;-;-;-;-;-;-;-;-
99274B3204701;Sykkelstamvegen Forus nord;EV39 S1000D65 m24;2026-06-02T21:00+02:00;2026-06-02T22:00+02:00;2026-06-02;21:00;22:00;1;6;100,0;1;1;0;6;0,00;-;-;-;-;-;-;-;-
99274B3204701;Sykkelstamvegen Forus nord;EV39 S1000D65 m24;2026-06-02T21:00+02:00;2026-06-02T22:00+02:00;2026-06-02;21:00;22:00;2;7;100,0;1;1;0;7;0,00;-;-;-;-;-;-;-;-
99274B3204701;Sykkelstamvegen Forus nord;EV39 S1000D65 m24;2026-06-02T21:00+02:00;2026-06-02T22:00+02:00;2026-06-02;21:00;22:00;Totalt i retning Sandnes;5;100,0;1;1;0;5;0,00;-;-;-;-;-;-;-;-
99274B3204701;Sykkelstamvegen Forus nord;EV39 S1000D65 m24;2026-06-02T21:00+02:00;2026-06-02T22:00+02:00;2026-06-02;21:00;22:00;Totalt i retning Stavanger;8;100,0;1;1;0;8;0,00;-;-;-;-;-;-;-;-
99274B3204701;Sykkelstamvegen Forus nord;EV39 S1000D65 m24;2026-06-02T21:00+02:00;2026-06-02T22:00+02:00;2026-06-02;21:00;22:00;Totalt;13;100,0;1;1;0;13;0,00;-;-;-;-;-;-;-;-
99274B3204701;Sykkelstamvegen Forus nord;EV39 S1000D65 m24;2026-06-02T22:00+02:00;2026-06-02T23:00+02:00;2026-06-02;22:00;23:00;1;4;100,0;1;1;0;4;0,00;-;-;-;-;-;-;-;-
99274B3204701;Sykkelstamvegen Forus nord;EV39 S1000D65 m24;2026-06-02T22:00+02:00;2026-06-02T23:00+02:00;2026-06-02;22:00;23:00;2;2;100,0;1;1;0;2;0,00;-;-;-;-;-;-;-;-
99274B3204701;Sykkelstamvegen Forus nord;EV39 S1000D65 m24;2026-06-02T22:00+02:00;2026-06-02T23:00+02:00;2026-06-02;22:00;23:00;Totalt i retning Sandnes;4;100,0;1;1;0;4;0,00;-;-;-;-;-;-;-;-
99274B3204701;Sykkelstamvegen Forus nord;EV39 S1000D65 m24;2026-06-02T22:00+02:00;2026-06-02T23:00+02:00;2026-06-02;22:00;23:00;Totalt i retning Stavanger;2;100,0;1;1;0;2;0,00;-;-;-;-;-;-;-;-
99274B3204701;Sykkelstamvegen Forus nord;EV39 S1000D65 m24;2026-06-02T22:00+02:00;2026-06-02T23:00+02:00;2026-06-02;22:00;23:00;Totalt;6;100,0;1;1;0;6;0,00;-;-;-;-;-;-;-;-
99274B3204701;Sykkelstamvegen Forus nord;EV39 S1000D65 m24;2026-06-02T23:00+02:00;2026-06-03T00:00+02:00;2026-06-02;23:00;00:00;1;1;100,0;1;1;0;1;0,00;-;-;-;-;-;-;-;-
99274B3204701;Sykkelstamvegen Forus nord;EV39 S1000D65 m24;2026-06-02T23:00+02:00;2026-06-03T00:00+02:00;2026-06-02;23:00;00:00;2;0;100,0;1;1;0;0;100,00;-;-;-;-;-;-;-;-
99274B3204701;Sykkelstamvegen Forus nord;EV39 S1000D65 m24;2026-06-02T23:00+02:00;2026-06-03T00:00+02:00;2026-06-02;23:00;00:00;Totalt i retning Sandnes;1;100,0;1;1;0;1;0,00;-;-;-;-;-;-;-;-
99274B3204701;Sykkelstamvegen Forus nord;EV39 S1000D65 m24;2026-06-02T23:00+02:00;2026-06-03T00:00+02:00;2026-06-02;23:00;00:00;Totalt i retning Stavanger;0;100,0;1;1;0;0;100,00;-;-;-;-;-;-;-;-
99274B3204701;Sykkelstamvegen Forus nord;EV39 S1000D65 m24;2026-06-02T23:00+02:00;2026-06-03T00:00+02:00;2026-06-02;23:00;00:00;Totalt;1;100,0;1;1;0;1;0,00;-;-;-;-;-;-;-;-
99274B3204701;Sykkelstamvegen Forus nord;EV39 S1000D65 m24;2026-06-03T00:00+02:00;2026-06-03T01:00+02:00;2026-06-03;00:00;01:00;1;0;100,0;1;1;0;0;100,00;-;-;-;-;-;-;-;-
99274B3204701;Sykkelstamvegen Forus nord;EV39 S1000D65 m24;2026-06-03T00:00+02:00;2026-06-03T01:00+02:00;2026-06-03;00:00;01:00;2;0;100,0;1;1;0;0;100,00;-;-;-;-;-;-;-;-
99274B3204701;Sykkelstamvegen Forus nord;EV39 S1000D65 m24;2026-06-03T00:00+02:00;2026-06-03T01:00+02:00;2026-06-03;00:00;01:00;Totalt i retning Sandnes;0;100,0;1;1;0;0;100,00;-;-;-;-;-;-;-;-
99274B3204701;Sykkelstamvegen Forus nord;EV39 S1000D65 m24;2026-06-03T00:00+02:00;2026-06-03T01:00+02:00;2026-06-03;00:00;01:00;Totalt i retning Stavanger;0;100,0;1;1;0;0;100,00;-;-;-;-;-;-;-;-
99274B3204701;Sykkelstamvegen Forus nord;EV39 S1000D65 m24;2026-06-03T00:00+02:00;2026-06-03T01:00+02:00;2026-06-03;00:00;01:00;Totalt;0;100,0;1;1;0;0;100,00;-;-;-;-;-;-;-;-
99274B3204701;Sykkelstamvegen Forus nord;EV39 S1000D65 m24;2026-06-03T01:00+02:00;2026-06-03T02:00+02:00;2026-06-03;01:00;02:00;1;0;100,0;1;1;0;0;100,00;-;-;-;-;-;-;-;-
99274B3204701;Sykkelstamvegen Forus nord;EV39 S1000D65 m24;2026-06-03T01:00+02:00;2026-06-03T02:00+02:00;2026-06-03;01:00;02:00;2;0;100,0;1;1;0;0;100,00;-;-;-;-;-;-;-;-
99274B3204701;Sykkelstamvegen Forus nord;EV39 S1000D65 m24;2026-06-03T01:00+02:00;2026-06-03T02:00+02:00;2026-06-03;01:00;02:00;Totalt i retning Sandnes;0;100,0;1;1;0;0;100,00;-;-;-;-;-;-;-;-
99274B3204701;Sykkelstamvegen Forus nord;EV39 S1000D65 m24;2026-06-03T01:00+02:00;2026-06-03T02:00+02:00;2026-06-03;01:00;02:00;Totalt i retning Stavanger;0;100,0;1;1;0;0;100,00;-;-;-;-;-;-;-;-
99274B3204701;Sykkelstamvegen Forus nord;EV39 S1000D65 m24;2026-06-03T01:00+02:00;2026-06-03T02:00+02:00;2026-06-03;01:00;02:00;Totalt;0;100,0;1;1;0;0;100,00;-;-;-;-;-;-;-;-
99274B3204701;Sykkelstamvegen Forus nord;EV39 S1000D65 m24;2026-06-03T02:00+02:00;2026-06-03T03:00+02:00;2026-06-03;02:00;03:00;1;0;100,0;1;1;0;0;100,00;-;-;-;-;-;-;-;-
99274B3204701;Sykkelstamvegen Forus nord;EV39 S1000D65 m24;2026-06-03T02:00+02:00;2026-06-03T03:00+02:00;2026-06-03;02:00;03:00;2;0;100,0;1;1;0;0;100,00;-;-;-;-;-;-;-;-
99274B3204701;Sykkelstamvegen Forus nord;EV39 S1000D65 m24;2026-06-03T02:00+02:00;2026-06-03T03:00+02:00;2026-06-03;02:00;03:00;Totalt i retning Sandnes;0;100,0;1;1;0;0;100,00;-;-;-;-;-;-;-;-
99274B3204701;Sykkelstamvegen Forus nord;EV39 S1000D65 m24;2026-06-03T02:00+02:00;2026-06-03T03:00+02:00;2026-06-03;02:00;03:00;Totalt i retning Stavanger;0;100,0;1;1;0;0;100,00;-;-;-;-;-;-;-;-
99274B3204701;Sykkelstamvegen Forus nord;EV39 S1000D65 m24;2026-06-03T02:00+02:00;2026-06-03T03:00+02:00;2026-06-03;02:00;03:00;Totalt;0;100,0;1;1;0;0;100,00;-;-;-;-;-;-;-;-
99274B3204701;Sykkelstamvegen Forus nord;EV39 S1000D65 m24;2026-06-03T03:00+02:00;2026-06-03T04:00+02:00;2026-06-03;03:00;04:00;1;0;100,0;1;1;0;0;100,00;-;-;-;-;-;-;-;-
99274B3204701;Sykkelstamvegen Forus nord;EV39 S1000D65 m24;2026-06-03T03:00+02:00;2026-06-03T04:00+02:00;2026-06-03;03:00;04:00;2;0;100,0;1;1;0;0;100,00;-;-;-;-;-;-;-;-
99274B3204701;Sykkelstamvegen Forus nord;EV39 S1000D65 m24;2026-06-03T03:00+02:00;2026-06-03T04:00+02:00;2026-06-03;03:00;04:00;Totalt i retning Sandnes;0;100,0;1;1;0;0;100,00;-;-;-;-;-;-;-;-
99274B3204701;Sykkelstamvegen Forus nord;EV39 S1000D65 m24;2026-06-03T03:00+02:00;2026-06-03T04:00+02:00;2026-06-03;03:00;04:00;Totalt i retning Stavanger;0;100,0;1;1;0;0;100,00;-;-;-;-;-;-;-;-
99274B3204701;Sykkelstamvegen Forus nord;EV39 S1000D65 m24;2026-06-03T03:00+02:00;2026-06-03T04:00+02:00;2026-06-03;03:00;04:00;Totalt;0;100,0;1;1;0;0;100,00;-;-;-;-;-;-;-;-
99274B3204701;Sykkelstamvegen Forus nord;EV39 S1000D65 m24;2026-06-03T04:00+02:00;2026-06-03T05:00+02:00;2026-06-03;04:00;05:00;1;0;100,0;1;1;0;0;100,00;-;-;-;-;-;-;-;-
99274B3204701;Sykkelstamvegen Forus nord;EV39 S1000D65 m24;2026-06-03T04:00+02:00;2026-06-03T05:00+02:00;2026-06-03;04:00;05:00;2;0;100,0;1;1;0;0;100,00;-;-;-;-;-;-;-;-
99274B3204701;Sykkelstamvegen Forus nord;EV39 S1000D65 m24;2026-06-03T04:00+02:00;2026-06-03T05:00+02:00;2026-06-03;04:00;05:00;Totalt i retning Sandnes;0;100,0;1;1;0;0;100,00;-;-;-;-;-;-;-;-
99274B3204701;Sykkelstamvegen Forus nord;EV39 S1000D65 m24;2026-06-03T04:00+02:00;2026-06-03T05:00+02:00;2026-06-03;04:00;05:00;Totalt i retning Stavanger;0;100,0;1;1;0;0;100,00;-;-;-;-;-;-;-;-
99274B3204701;Sykkelstamvegen Forus nord;EV39 S1000D65 m24;2026-06-03T04:00+02:00;2026-06-03T05:00+02:00;2026-06-03;04:00;05:00;Totalt;0;100,0;1;1;0;0;100,00;-;-;-;-;-;-;-;-
99274B3204701;Sykkelstamvegen Forus nord;EV39 S1000D65 m24;2026-06-03T05:00+02:00;2026-06-03T06:00+02:00;2026-06-03;05:00;06:00;1;7;100,0;1;1;0;7;0,00;-;-;-;-;-;-;-;-
99274B3204701;Sykkelstamvegen Forus nord;EV39 S1000D65 m24;2026-06-03T05:00+02:00;2026-06-03T06:00+02:00;2026-06-03;05:00;06:00;2;9;100,0;1;1;0;9;0,00;-;-;-;-;-;-;-;-
99274B3204701;Sykkelstamvegen Forus nord;EV39 S1000D65 m24;2026-06-03T05:00+02:00;2026-06-03T06:00+02:00;2026-06-03;05:00;06:00;Totalt i retning Sandnes;7;100,0;1;1;0;7;0,00;-;-;-;-;-;-;-;-
99274B3204701;Sykkelstamvegen Forus nord;EV39 S1000D65 m24;2026-06-03T05:00+02:00;2026-06-03T06:00+02:00;2026-06-03;05:00;06:00;Totalt i retning Stavanger;9;100,0;1;1;0;9;0,00;-;-;-;-;-;-;-;-
99274B3204701;Sykkelstamvegen Forus nord;EV39 S1000D65 m24;2026-06-03T05:00+02:00;2026-06-03T06:00+02:00;2026-06-03;05:00;06:00;Totalt;16;100,0;1;1;0;16;0,00;-;-;-;-;-;-;-;-
99274B3204701;Sykkelstamvegen Forus nord;EV39 S1000D65 m24;2026-06-03T06:00+02:00;2026-06-03T07:00+02:00;2026-06-03;06:00;07:00;1;24;100,0;1;1;0;24;0,00;-;-;-;-;-;-;-;-
99274B3204701;Sykkelstamvegen Forus nord;EV39 S1000D65 m24;2026-06-03T06:00+02:00;2026-06-03T07:00+02:00;2026-06-03;06:00;07:00;2;69;100,0;1;1;0;69;0,00;-;-;-;-;-;-;-;-
99274B3204701;Sykkelstamvegen Forus nord;EV39 S1000D65 m24;2026-06-03T06:00+02:00;2026-06-03T07:00+02:00;2026-06-03;06:00;07:00;Totalt i retning Sandnes;25;100,0;1;1;0;25;0,00;-;-;-;-;-;-;-;-
99274B3204701;Sykkelstamvegen Forus nord;EV39 S1000D65 m24;2026-06-03T06:00+02:00;2026-06-03T07:00+02:00;2026-06-03;06:00;07:00;Totalt i retning Stavanger;68;100,0;1;1;0;68;0,00;-;-;-;-;-;-;-;-
99274B3204701;Sykkelstamvegen Forus nord;EV39 S1000D65 m24;2026-06-03T06:00+02:00;2026-06-03T07:00+02:00;2026-06-03;06:00;07:00;Totalt;93;100,0;1;1;0;93;0,00;-;-;-;-;-;-;-;-
99274B3204701;Sykkelstamvegen Forus nord;EV39 S1000D65 m24;2026-06-03T07:00+02:00;2026-06-03T08:00+02:00;2026-06-03;07:00;08:00;1;45;100,0;1;1;0;45;0,00;-;-;-;-;-;-;-;-
99274B3204701;Sykkelstamvegen Forus nord;EV39 S1000D65 m24;2026-06-03T07:00+02:00;2026-06-03T08:00+02:00;2026-06-03;07:00;08:00;2;94;100,0;1;1;0;94;0,00;-;-;-;-;-;-;-;-
99274B3204701;Sykkelstamvegen Forus nord;EV39 S1000D65 m24;2026-06-03T07:00+02:00;2026-06-03T08:00+02:00;2026-06-03;07:00;08:00;Totalt i retning Sandnes;44;100,0;1;1;0;44;0,00;-;-;-;-;-;-;-;-
99274B3204701;Sykkelstamvegen Forus nord;EV39 S1000D65 m24;2026-06-03T07:00+02:00;2026-06-03T08:00+02:00;2026-06-03;07:00;08:00;Totalt i retning Stavanger;95;100,0;1;1;0;95;0,00;-;-;-;-;-;-;-;-
99274B3204701;Sykkelstamvegen Forus nord;EV39 S1000D65 m24;2026-06-03T07:00+02:00;2026-06-03T08:00+02:00;2026-06-03;07:00;08:00;Totalt;139;100,0;1;1;0;139;0,00;-;-;-;-;-;-;-;-
99274B3204701;Sykkelstamvegen Forus nord;EV39 S1000D65 m24;2026-06-03T08:00+02:00;2026-06-03T09:00+02:00;2026-06-03;08:00;09:00;1;16;100,0;1;1;0;16;0,00;-;-;-;-;-;-;-;-
99274B3204701;Sykkelstamvegen Forus nord;EV39 S1000D65 m24;2026-06-03T08:00+02:00;2026-06-03T09:00+02:00;2026-06-03;08:00;09:00;2;53;100,0;1;1;0;53;0,00;-;-;-;-;-;-;-;-
99274B3204701;Sykkelstamvegen Forus nord;EV39 S1000D65 m24;2026-06-03T08:00+02:00;2026-06-03T09:00+02:00;2026-06-03;08:00;09:00;Totalt i retning Sandnes;16;100,0;1;1;0;16;0,00;-;-;-;-;-;-;-;-
99274B3204701;Sykkelstamvegen Forus nord;EV39 S1000D65 m24;2026-06-03T08:00+02:00;2026-06-03T09:00+02:00;2026-06-03;08:00;09:00;Totalt i retning Stavanger;53;100,0;1;1;0;53;0,00;-;-;-;-;-;-;-;-
99274B3204701;Sykkelstamvegen Forus nord;EV39 S1000D65 m24;2026-06-03T08:00+02:00;2026-06-03T09:00+02:00;2026-06-03;08:00;09:00;Totalt;69;100,0;1;1;0;69;0,00;-;-;-;-;-;-;-;-
99274B3204701;Sykkelstamvegen Forus nord;EV39 S1000D65 m24;2026-06-03T09:00+02:00;2026-06-03T10:00+02:00;2026-06-03;09:00;10:00;1;12;100,0;1;1;0;12;0,00;-;-;-;-;-;-;-;-
99274B3204701;Sykkelstamvegen Forus nord;EV39 S1000D65 m24;2026-06-03T09:00+02:00;2026-06-03T10:00+02:00;2026-06-03;09:00;10:00;2;14;100,0;1;1;0;14;0,00;-;-;-;-;-;-;-;-
99274B3204701;Sykkelstamvegen Forus nord;EV39 S1000D65 m24;2026-06-03T09:00+02:00;2026-06-03T10:00+02:00;2026-06-03;09:00;10:00;Totalt i retning Sandnes;12;100,0;1;1;0;12;0,00;-;-;-;-;-;-;-;-
99274B3204701;Sykkelstamvegen Forus nord;EV39 S1000D65 m24;2026-06-03T09:00+02:00;2026-06-03T10:00+02:00;2026-06-03;09:00;10:00;Totalt i retning Stavanger;14;100,0;1;1;0;14;0,00;-;-;-;-;-;-;-;-
99274B3204701;Sykkelstamvegen Forus nord;EV39 S1000D65 m24;2026-06-03T09:00+02:00;2026-06-03T10:00+02:00;2026-06-03;09:00;10:00;Totalt;26;100,0;1;1;0;26;0,00;-;-;-;-;-;-;-;-
99274B3204701;Sykkelstamvegen Forus nord;EV39 S1000D65 m24;2026-06-03T10:00+02:00;2026-06-03T11:00+02:00;2026-06-03;10:00;11:00;1;22;100,0;1;1;0;22;0,00;-;-;-;-;-;-;-;-
99274B3204701;Sykkelstamvegen Forus nord;EV39 S1000D65 m24;2026-06-03T10:00+02:00;2026-06-03T11:00+02:00;2026-06-03;10:00;11:00;2;13;100,0;1;1;0;13;0,00;-;-;-;-;-;-;-;-
99274B3204701;Sykkelstamvegen Forus nord;EV39 S1000D65 m24;2026-06-03T10:00+02:00;2026-06-03T11:00+02:00;2026-06-03;10:00;11:00;Totalt i retning Sandnes;22;100,0;1;1;0;22;0,00;-;-;-;-;-;-;-;-
99274B3204701;Sykkelstamvegen Forus nord;EV39 S1000D65 m24;2026-06-03T10:00+02:00;2026-06-03T11:00+02:00;2026-06-03;10:00;11:00;Totalt i retning Stavanger;13;100,0;1;1;0;13;0,00;-;-;-;-;-;-;-;-
99274B3204701;Sykkelstamvegen Forus nord;EV39 S1000D65 m24;2026-06-03T10:00+02:00;2026-06-03T11:00+02:00;2026-06-03;10:00;11:00;Totalt;35;100,0;1;1;0;35;0,00;-;-;-;-;-;-;-;-
99274B3204701;Sykkelstamvegen Forus nord;EV39 S1000D65 m24;2026-06-03T11:00+02:00;2026-06-03T12:00+02:00;2026-06-03;11:00;12:00;1;10;100,0;1;1;0;10;0,00;-;-;-;-;-;-;-;-
99274B3204701;Sykkelstamvegen Forus nord;EV39 S1000D65 m24;2026-06-03T11:00+02:00;2026-06-03T12:00+02:00;2026-06-03;11:00;12:00;2;15;100,0;1;1;0;15;0,00;-;-;-;-;-;-;-;-
99274B3204701;Sykkelstamvegen Forus nord;EV39 S1000D65 m24;2026-06-03T11:00+02:00;2026-06-03T12:00+02:00;2026-06-03;11:00;12:00;Totalt i retning Sandnes;10;100,0;1;1;0;10;0,00;-;-;-;-;-;-;-;-
99274B3204701;Sykkelstamvegen Forus nord;EV39 S1000D65 m24;2026-06-03T11:00+02:00;2026-06-03T12:00+02:00;2026-06-03;11:00;12:00;Totalt i retning Stavanger;15;100,0;1;1;0;15;0,00;-;-;-;-;-;-;-;-
99274B3204701;Sykkelstamvegen Forus nord;EV39 S1000D65 m24;2026-06-03T11:00+02:00;2026-06-03T12:00+02:00;2026-06-03;11:00;12:00;Totalt;25;100,0;1;1;0;25;0,00;-;-;-;-;-;-;-;-
99274B3204701;Sykkelstamvegen Forus nord;EV39 S1000D65 m24;2026-06-03T12:00+02:00;2026-06-03T13:00+02:00;2026-06-03;12:00;13:00;1;7;100,0;1;1;0;7;0,00;-;-;-;-;-;-;-;-
99274B3204701;Sykkelstamvegen Forus nord;EV39 S1000D65 m24;2026-06-03T12:00+02:00;2026-06-03T13:00+02:00;2026-06-03;12:00;13:00;2;8;100,0;1;1;0;8;0,00;-;-;-;-;-;-;-;-
99274B3204701;Sykkelstamvegen Forus nord;EV39 S1000D65 m24;2026-06-03T12:00+02:00;2026-06-03T13:00+02:00;2026-06-03;12:00;13:00;Totalt i retning Sandnes;7;100,0;1;1;0;7;0,00;-;-;-;-;-;-;-;-
99274B3204701;Sykkelstamvegen Forus nord;EV39 S1000D65 m24;2026-06-03T12:00+02:00;2026-06-03T13:00+02:00;2026-06-03;12:00;13:00;Totalt i retning Stavanger;8;100,0;1;1;0;8;0,00;-;-;-;-;-;-;-;-
99274B3204701;Sykkelstamvegen Forus nord;EV39 S1000D65 m24;2026-06-03T12:00+02:00;2026-06-03T13:00+02:00;2026-06-03;12:00;13:00;Totalt;15;100,0;1;1;0;15;0,00;-;-;-;-;-;-;-;-
99274B3204701;Sykkelstamvegen Forus nord;EV39 S1000D65 m24;2026-06-03T13:00+02:00;2026-06-03T14:00+02:00;2026-06-03;13:00;14:00;1;13;100,0;1;1;0;13;0,00;-;-;-;-;-;-;-;-
99274B3204701;Sykkelstamvegen Forus nord;EV39 S1000D65 m24;2026-06-03T13:00+02:00;2026-06-03T14:00+02:00;2026-06-03;13:00;14:00;2;14;100,0;1;1;0;14;0,00;-;-;-;-;-;-;-;-
99274B3204701;Sykkelstamvegen Forus nord;EV39 S1000D65 m24;2026-06-03T13:00+02:00;2026-06-03T14:00+02:00;2026-06-03;13:00;14:00;Totalt i retning Sandnes;13;100,0;1;1;0;13;0,00;-;-;-;-;-;-;-;-
99274B3204701;Sykkelstamvegen Forus nord;EV39 S1000D65 m24;2026-06-03T13:00+02:00;2026-06-03T14:00+02:00;2026-06-03;13:00;14:00;Totalt i retning Stavanger;14;100,0;1;1;0;14;0,00;-;-;-;-;-;-;-;-
99274B3204701;Sykkelstamvegen Forus nord;EV39 S1000D65 m24;2026-06-03T13:00+02:00;2026-06-03T14:00+02:00;2026-06-03;13:00;14:00;Totalt;27;100,0;1;1;0;27;0,00;-;-;-;-;-;-;-;-
99274B3204701;Sykkelstamvegen Forus nord;EV39 S1000D65 m24;2026-06-03T14:00+02:00;2026-06-03T15:00+02:00;2026-06-03;14:00;15:00;1;23;100,0;1;1;0;23;0,00;-;-;-;-;-;-;-;-
99274B3204701;Sykkelstamvegen Forus nord;EV39 S1000D65 m24;2026-06-03T14:00+02:00;2026-06-03T15:00+02:00;2026-06-03;14:00;15:00;2;17;100,0;1;1;0;17;0,00;-;-;-;-;-;-;-;-
99274B3204701;Sykkelstamvegen Forus nord;EV39 S1000D65 m24;2026-06-03T14:00+02:00;2026-06-03T15:00+02:00;2026-06-03;14:00;15:00;Totalt i retning Sandnes;25;100,0;1;1;0;25;0,00;-;-;-;-;-;-;-;-
99274B3204701;Sykkelstamvegen Forus nord;EV39 S1000D65 m24;2026-06-03T14:00+02:00;2026-06-03T15:00+02:00;2026-06-03;14:00;15:00;Totalt i retning Stavanger;15;100,0;1;1;0;15;0,00;-;-;-;-;-;-;-;-
99274B3204701;Sykkelstamvegen Forus nord;EV39 S1000D65 m24;2026-06-03T14:00+02:00;2026-06-03T15:00+02:00;2026-06-03;14:00;15:00;Totalt;40;100,0;1;1;0;40;0,00;-;-;-;-;-;-;-;-
99274B3204701;Sykkelstamvegen Forus nord;EV39 S1000D65 m24;2026-06-03T15:00+02:00;2026-06-03T16:00+02:00;2026-06-03;15:00;16:00;1;85;100,0;1;1;0;85;0,00;-;-;-;-;-;-;-;-
99274B3204701;Sykkelstamvegen Forus nord;EV39 S1000D65 m24;2026-06-03T15:00+02:00;2026-06-03T16:00+02:00;2026-06-03;15:00;16:00;2;41;100,0;1;1;0;41;0,00;-;-;-;-;-;-;-;-
99274B3204701;Sykkelstamvegen Forus nord;EV39 S1000D65 m24;2026-06-03T15:00+02:00;2026-06-03T16:00+02:00;2026-06-03;15:00;16:00;Totalt i retning Sandnes;84;100,0;1;1;0;84;0,00;-;-;-;-;-;-;-;-
99274B3204701;Sykkelstamvegen Forus nord;EV39 S1000D65 m24;2026-06-03T15:00+02:00;2026-06-03T16:00+02:00;2026-06-03;15:00;16:00;Totalt i retning Stavanger;42;100,0;1;1;0;42;0,00;-;-;-;-;-;-;-;-
99274B3204701;Sykkelstamvegen Forus nord;EV39 S1000D65 m24;2026-06-03T15:00+02:00;2026-06-03T16:00+02:00;2026-06-03;15:00;16:00;Totalt;126;100,0;1;1;0;126;0,00;-;-;-;-;-;-;-;-
99274B3204701;Sykkelstamvegen Forus nord;EV39 S1000D65 m24;2026-06-03T16:00+02:00;2026-06-03T17:00+02:00;2026-06-03;16:00;17:00;1;81;100,0;1;1;0;81;0,00;-;-;-;-;-;-;-;-
99274B3204701;Sykkelstamvegen Forus nord;EV39 S1000D65 m24;2026-06-03T16:00+02:00;2026-06-03T17:00+02:00;2026-06-03;16:00;17:00;2;47;100,0;1;1;0;47;0,00;-;-;-;-;-;-;-;-
99274B3204701;Sykkelstamvegen Forus nord;EV39 S1000D65 m24;2026-06-03T16:00+02:00;2026-06-03T17:00+02:00;2026-06-03;16:00;17:00;Totalt i retning Sandnes;82;100,0;1;1;0;82;0,00;-;-;-;-;-;-;-;-
99274B3204701;Sykkelstamvegen Forus nord;EV39 S1000D65 m24;2026-06-03T16:00+02:00;2026-06-03T17:00+02:00;2026-06-03;16:00;17:00;Totalt i retning Stavanger;46;100,0;1;1;0;46;0,00;-;-;-;-;-;-;-;-
99274B3204701;Sykkelstamvegen Forus nord;EV39 S1000D65 m24;2026-06-03T16:00+02:00;2026-06-03T17:00+02:00;2026-06-03;16:00;17:00;Totalt;128;100,0;1;1;0;128;0,00;-;-;-;-;-;-;-;-
99274B3204701;Sykkelstamvegen Forus nord;EV39 S1000D65 m24;2026-06-03T17:00+02:00;2026-06-03T18:00+02:00;2026-06-03;17:00;18:00;1;41;100,0;1;1;0;41;0,00;-;-;-;-;-;-;-;-
99274B3204701;Sykkelstamvegen Forus nord;EV39 S1000D65 m24;2026-06-03T17:00+02:00;2026-06-03T18:00+02:00;2026-06-03;17:00;18:00;2;23;100,0;1;1;0;23;0,00;-;-;-;-;-;-;-;-
99274B3204701;Sykkelstamvegen Forus nord;EV39 S1000D65 m24;2026-06-03T17:00+02:00;2026-06-03T18:00+02:00;2026-06-03;17:00;18:00;Totalt i retning Sandnes;40;100,0;1;1;0;40;0,00;-;-;-;-;-;-;-;-
99274B3204701;Sykkelstamvegen Forus nord;EV39 S1000D65 m24;2026-06-03T17:00+02:00;2026-06-03T18:00+02:00;2026-06-03;17:00;18:00;Totalt i retning Stavanger;24;100,0;1;1;0;24;0,00;-;-;-;-;-;-;-;-
99274B3204701;Sykkelstamvegen Forus nord;EV39 S1000D65 m24;2026-06-03T17:00+02:00;2026-06-03T18:00+02:00;2026-06-03;17:00;18:00;Totalt;64;100,0;1;1;0;64;0,00;-;-;-;-;-;-;-;-
99274B3204701;Sykkelstamvegen Forus nord;EV39 S1000D65 m24;2026-06-03T18:00+02:00;2026-06-03T19:00+02:00;2026-06-03;18:00;19:00;1;28;100,0;1;1;0;28;0,00;-;-;-;-;-;-;-;-
99274B3204701;Sykkelstamvegen Forus nord;EV39 S1000D65 m24;2026-06-03T18:00+02:00;2026-06-03T19:00+02:00;2026-06-03;18:00;19:00;2;12;100,0;1;1;0;12;0,00;-;-;-;-;-;-;-;-
99274B3204701;Sykkelstamvegen Forus nord;EV39 S1000D65 m24;2026-06-03T18:00+02:00;2026-06-03T19:00+02:00;2026-06-03;18:00;19:00;Totalt i retning Sandnes;30;100,0;1;1;0;30;0,00;-;-;-;-;-;-;-;-
99274B3204701;Sykkelstamvegen Forus nord;EV39 S1000D65 m24;2026-06-03T18:00+02:00;2026-06-03T19:00+02:00;2026-06-03;18:00;19:00;Totalt i retning Stavanger;10;100,0;1;1;0;10;0,00;-;-;-;-;-;-;-;-
99274B3204701;Sykkelstamvegen Forus nord;EV39 S1000D65 m24;2026-06-03T18:00+02:00;2026-06-03T19:00+02:00;2026-06-03;18:00;19:00;Totalt;40;100,0;1;1;0;40;0,00;-;-;-;-;-;-;-;-
99274B3204701;Sykkelstamvegen Forus nord;EV39 S1000D65 m24;2026-06-03T19:00+02:00;2026-06-03T20:00+02:00;2026-06-03;19:00;20:00;1;8;100,0;1;1;0;8;0,00;-;-;-;-;-;-;-;-
99274B3204701;Sykkelstamvegen Forus nord;EV39 S1000D65 m24;2026-06-03T19:00+02:00;2026-06-03T20:00+02:00;2026-06-03;19:00;20:00;2;10;100,0;1;1;0;10;0,00;-;-;-;-;-;-;-;-
99274B3204701;Sykkelstamvegen Forus nord;EV39 S1000D65 m24;2026-06-03T19:00+02:00;2026-06-03T20:00+02:00;2026-06-03;19:00;20:00;Totalt i retning Sandnes;8;100,0;1;1;0;8;0,00;-;-;-;-;-;-;-;-
99274B3204701;Sykkelstamvegen Forus nord;EV39 S1000D65 m24;2026-06-03T19:00+02:00;2026-06-03T20:00+02:00;2026-06-03;19:00;20:00;Totalt i retning Stavanger;10;100,0;1;1;0;10;0,00;-;-;-;-;-;-;-;-
99274B3204701;Sykkelstamvegen Forus nord;EV39 S1000D65 m24;2026-06-03T19:00+02:00;2026-06-03T20:00+02:00;2026-06-03;19:00;20:00;Totalt;18;100,0;1;1;0;18;0,00;-;-;-;-;-;-;-;-
99274B3204701;Sykkelstamvegen Forus nord;EV39 S1000D65 m24;2026-06-03T20:00+02:00;2026-06-03T21:00+02:00;2026-06-03;20:00;21:00;1;3;100,0;1;1;0;3;0,00;-;-;-;-;-;-;-;-
99274B3204701;Sykkelstamvegen Forus nord;EV39 S1000D65 m24;2026-06-03T20:00+02:00;2026-06-03T21:00+02:00;2026-06-03;20:00;21:00;2;4;100,0;1;1;0;4;0,00;-;-;-;-;-;-;-;-
99274B3204701;Sykkelstamvegen Forus nord;EV39 S1000D65 m24;2026-06-03T20:00+02:00;2026-06-03T21:00+02:00;2026-06-03;20:00;21:00;Totalt i retning Sandnes;3;100,0;1;1;0;3;0,00;-;-;-;-;-;-;-;-
99274B3204701;Sykkelstamvegen Forus nord;EV39 S1000D65 m24;2026-06-03T20:00+02:00;2026-06-03T21:00+02:00;2026-06-03;20:00;21:00;Totalt i retning Stavanger;4;100,0;1;1;0;4;0,00;-;-;-;-;-;-;-;-
99274B3204701;Sykkelstamvegen Forus nord;EV39 S1000D65 m24;2026-06-03T20:00+02:00;2026-06-03T21:00+02:00;2026-06-03;20:00;21:00;Totalt;7;100,0;1;1;0;7;0,00;-;-;-;-;-;-;-;-
99274B3204701;Sykkelstamvegen Forus nord;EV39 S1000D65 m24;2026-06-03T21:00+02:00;2026-06-03T22:00+02:00;2026-06-03;21:00;22:00;1;2;100,0;1;1;0;2;0,00;-;-;-;-;-;-;-;-
99274B3204701;Sykkelstamvegen Forus nord;EV39 S1000D65 m24;2026-06-03T21:00+02:00;2026-06-03T22:00+02:00;2026-06-03;21:00;22:00;2;5;100,0;1;1;0;5;0,00;-;-;-;-;-;-;-;-
99274B3204701;Sykkelstamvegen Forus nord;EV39 S1000D65 m24;2026-06-03T21:00+02:00;2026-06-03T22:00+02:00;2026-06-03;21:00;22:00;Totalt i retning Sandnes;2;100,0;1;1;0;2;0,00;-;-;-;-;-;-;-;-
99274B3204701;Sykkelstamvegen Forus nord;EV39 S1000D65 m24;2026-06-03T21:00+02:00;2026-06-03T22:00+02:00;2026-06-03;21:00;22:00;Totalt i retning Stavanger;5;100,0;1;1;0;5;0,00;-;-;-;-;-;-;-;-
99274B3204701;Sykkelstamvegen Forus nord;EV39 S1000D65 m24;2026-06-03T21:00+02:00;2026-06-03T22:00+02:00;2026-06-03;21:00;22:00;Totalt;7;100,0;1;1;0;7;0,00;-;-;-;-;-;-;-;-
99274B3204701;Sykkelstamvegen Forus nord;EV39 S1000D65 m24;2026-06-03T22:00+02:00;2026-06-03T23:00+02:00;2026-06-03;22:00;23:00;1;4;100,0;1;1;0;4;0,00;-;-;-;-;-;-;-;-
99274B3204701;Sykkelstamvegen Forus nord;EV39 S1000D65 m24;2026-06-03T22:00+02:00;2026-06-03T23:00+02:00;2026-06-03;22:00;23:00;2;0;100,0;1;1;0;0;100,00;-;-;-;-;-;-;-;-
99274B3204701;Sykkelstamvegen Forus nord;EV39 S1000D65 m24;2026-06-03T22:00+02:00;2026-06-03T23:00+02:00;2026-06-03;22:00;23:00;Totalt i retning Sandnes;4;100,0;1;1;0;4;0,00;-;-;-;-;-;-;-;-
99274B3204701;Sykkelstamvegen Forus nord;EV39 S1000D65 m24;2026-06-03T22:00+02:00;2026-06-03T23:00+02:00;2026-06-03;22:00;23:00;Totalt i retning Stavanger;0;100,0;1;1;0;0;100,00;-;-;-;-;-;-;-;-
99274B3204701;Sykkelstamvegen Forus nord;EV39 S1000D65 m24;2026-06-03T22:00+02:00;2026-06-03T23:00+02:00;2026-06-03;22:00;23:00;Totalt;4;100,0;1;1;0;4;0,00;-;-;-;-;-;-;-;-
99274B3204701;Sykkelstamvegen Forus nord;EV39 S1000D65 m24;2026-06-03T23:00+02:00;2026-06-04T00:00+02:00;2026-06-03;23:00;00:00;1;2;100,0;1;1;0;2;0,00;-;-;-;-;-;-;-;-
99274B3204701;Sykkelstamvegen Forus nord;EV39 S1000D65 m24;2026-06-03T23:00+02:00;2026-06-04T00:00+02:00;2026-06-03;23:00;00:00;2;1;100,0;1;1;0;1;0,00;-;-;-;-;-;-;-;-
99274B3204701;Sykkelstamvegen Forus nord;EV39 S1000D65 m24;2026-06-03T23:00+02:00;2026-06-04T00:00+02:00;2026-06-03;23:00;00:00;Totalt i retning Sandnes;2;100,0;1;1;0;2;0,00;-;-;-;-;-;-;-;-
99274B3204701;Sykkelstamvegen Forus nord;EV39 S1000D65 m24;2026-06-03T23:00+02:00;2026-06-04T00:00+02:00;2026-06-03;23:00;00:00;Totalt i retning Stavanger;1;100,0;1;1;0;1;0,00;-;-;-;-;-;-;-;-
99274B3204701;Sykkelstamvegen Forus nord;EV39 S1000D65 m24;2026-06-03T23:00+02:00;2026-06-04T00:00+02:00;2026-06-03;23:00;00:00;Totalt;3;100,0;1;1;0;3;0,00;-;-;-;-;-;-;-;-
99274B3204701;Sykkelstamvegen Forus nord;EV39 S1000D65 m24;2026-06-04T00:00+02:00;2026-06-04T01:00+02:00;2026-06-04;00:00;01:00;1;0;100,0;1;1;0;0;100,00;-;-;-;-;-;-;-;-
99274B3204701;Sykkelstamvegen Forus nord;EV39 S1000D65 m24;2026-06-04T00:00+02:00;2026-06-04T01:00+02:00;2026-06-04;00:00;01:00;2;0;100,0;1;1;0;0;100,00;-;-;-;-;-;-;-;-
99274B3204701;Sykkelstamvegen Forus nord;EV39 S1000D65 m24;2026-06-04T00:00+02:00;2026-06-04T01:00+02:00;2026-06-04;00:00;01:00;Totalt i retning Sandnes;0;100,0;1;1;0;0;100,00;-;-;-;-;-;-;-;-
99274B3204701;Sykkelstamvegen Forus nord;EV39 S1000D65 m24;2026-06-04T00:00+02:00;2026-06-04T01:00+02:00;2026-06-04;00:00;01:00;Totalt i retning Stavanger;0;100,0;1;1;0;0;100,00;-;-;-;-;-;-;-;-
99274B3204701;Sykkelstamvegen Forus nord;EV39 S1000D65 m24;2026-06-04T00:00+02:00;2026-06-04T01:00+02:00;2026-06-04;00:00;01:00;Totalt;0;100,0;1;1;0;0;100,00;-;-;-;-;-;-;-;-
99274B3204701;Sykkelstamvegen Forus nord;EV39 S1000D65 m24;2026-06-04T01:00+02:00;2026-06-04T02:00+02:00;2026-06-04;01:00;02:00;1;0;100,0;1;1;0;0;100,00;-;-;-;-;-;-;-;-
99274B3204701;Sykkelstamvegen Forus nord;EV39 S1000D65 m24;2026-06-04T01:00+02:00;2026-06-04T02:00+02:00;2026-06-04;01:00;02:00;2;0;100,0;1;1;0;0;100,00;-;-;-;-;-;-;-;-
99274B3204701;Sykkelstamvegen Forus nord;EV39 S1000D65 m24;2026-06-04T01:00+02:00;2026-06-04T02:00+02:00;2026-06-04;01:00;02:00;Totalt i retning Sandnes;0;100,0;1;1;0;0;100,00;-;-;-;-;-;-;-;-
99274B3204701;Sykkelstamvegen Forus nord;EV39 S1000D65 m24;2026-06-04T01:00+02:00;2026-06-04T02:00+02:00;2026-06-04;01:00;02:00;Totalt i retning Stavanger;0;100,0;1;1;0;0;100,00;-;-;-;-;-;-;-;-
99274B3204701;Sykkelstamvegen Forus nord;EV39 S1000D65 m24;2026-06-04T01:00+02:00;2026-06-04T02:00+02:00;2026-06-04;01:00;02:00;Totalt;0;100,0;1;1;0;0;100,00;-;-;-;-;-;-;-;-
99274B3204701;Sykkelstamvegen Forus nord;EV39 S1000D65 m24;2026-06-04T02:00+02:00;2026-06-04T03:00+02:00;2026-06-04;02:00;03:00;1;0;100,0;1;1;0;0;100,00;-;-;-;-;-;-;-;-
99274B3204701;Sykkelstamvegen Forus nord;EV39 S1000D65 m24;2026-06-04T02:00+02:00;2026-06-04T03:00+02:00;2026-06-04;02:00;03:00;2;0;100,0;1;1;0;0;100,00;-;-;-;-;-;-;-;-
99274B3204701;Sykkelstamvegen Forus nord;EV39 S1000D65 m24;2026-06-04T02:00+02:00;2026-06-04T03:00+02:00;2026-06-04;02:00;03:00;Totalt i retning Sandnes;0;100,0;1;1;0;0;100,00;-;-;-;-;-;-;-;-
99274B3204701;Sykkelstamvegen Forus nord;EV39 S1000D65 m24;2026-06-04T02:00+02:00;2026-06-04T03:00+02:00;2026-06-04;02:00;03:00;Totalt i retning Stavanger;0;100,0;1;1;0;0;100,00;-;-;-;-;-;-;-;-
99274B3204701;Sykkelstamvegen Forus nord;EV39 S1000D65 m24;2026-06-04T02:00+02:00;2026-06-04T03:00+02:00;2026-06-04;02:00;03:00;Totalt;0;100,0;1;1;0;0;100,00;-;-;-;-;-;-;-;-
99274B3204701;Sykkelstamvegen Forus nord;EV39 S1000D65 m24;2026-06-04T03:00+02:00;2026-06-04T04:00+02:00;2026-06-04;03:00;04:00;1;0;100,0;1;1;0;0;100,00;-;-;-;-;-;-;-;-
99274B3204701;Sykkelstamvegen Forus nord;EV39 S1000D65 m24;2026-06-04T03:00+02:00;2026-06-04T04:00+02:00;2026-06-04;03:00;04:00;2;0;100,0;1;1;0;0;100,00;-;-;-;-;-;-;-;-
99274B3204701;Sykkelstamvegen Forus nord;EV39 S1000D65 m24;2026-06-04T03:00+02:00;2026-06-04T04:00+02:00;2026-06-04;03:00;04:00;Totalt i retning Sandnes;0;100,0;1;1;0;0;100,00;-;-;-;-;-;-;-;-
99274B3204701;Sykkelstamvegen Forus nord;EV39 S1000D65 m24;2026-06-04T03:00+02:00;2026-06-04T04:00+02:00;2026-06-04;03:00;04:00;Totalt i retning Stavanger;0;100,0;1;1;0;0;100,00;-;-;-;-;-;-;-;-
99274B3204701;Sykkelstamvegen Forus nord;EV39 S1000D65 m24;2026-06-04T03:00+02:00;2026-06-04T04:00+02:00;2026-06-04;03:00;04:00;Totalt;0;100,0;1;1;0;0;100,00;-;-;-;-;-;-;-;-
99274B3204701;Sykkelstamvegen Forus nord;EV39 S1000D65 m24;2026-06-04T04:00+02:00;2026-06-04T05:00+02:00;2026-06-04;04:00;05:00;1;1;100,0;1;1;0;1;0,00;-;-;-;-;-;-;-;-
99274B3204701;Sykkelstamvegen Forus nord;EV39 S1000D65 m24;2026-06-04T04:00+02:00;2026-06-04T05:00+02:00;2026-06-04;04:00;05:00;2;1;100,0;1;1;0;1;0,00;-;-;-;-;-;-;-;-
99274B3204701;Sykkelstamvegen Forus nord;EV39 S1000D65 m24;2026-06-04T04:00+02:00;2026-06-04T05:00+02:00;2026-06-04;04:00;05:00;Totalt i retning Sandnes;1;100,0;1;1;0;1;0,00;-;-;-;-;-;-;-;-
99274B3204701;Sykkelstamvegen Forus nord;EV39 S1000D65 m24;2026-06-04T04:00+02:00;2026-06-04T05:00+02:00;2026-06-04;04:00;05:00;Totalt i retning Stavanger;1;100,0;1;1;0;1;0,00;-;-;-;-;-;-;-;-
99274B3204701;Sykkelstamvegen Forus nord;EV39 S1000D65 m24;2026-06-04T04:00+02:00;2026-06-04T05:00+02:00;2026-06-04;04:00;05:00;Totalt;2;100,0;1;1;0;2;0,00;-;-;-;-;-;-;-;-
99274B3204701;Sykkelstamvegen Forus nord;EV39 S1000D65 m24;2026-06-04T05:00+02:00;2026-06-04T06:00+02:00;2026-06-04;05:00;06:00;1;5;100,0;1;1;0;5;0,00;-;-;-;-;-;-;-;-
99274B3204701;Sykkelstamvegen Forus nord;EV39 S1000D65 m24;2026-06-04T05:00+02:00;2026-06-04T06:00+02:00;2026-06-04;05:00;06:00;2;11;100,0;1;1;0;11;0,00;-;-;-;-;-;-;-;-
99274B3204701;Sykkelstamvegen Forus nord;EV39 S1000D65 m24;2026-06-04T05:00+02:00;2026-06-04T06:00+02:00;2026-06-04;05:00;06:00;Totalt i retning Sandnes;5;100,0;1;1;0;5;0,00;-;-;-;-;-;-;-;-
99274B3204701;Sykkelstamvegen Forus nord;EV39 S1000D65 m24;2026-06-04T05:00+02:00;2026-06-04T06:00+02:00;2026-06-04;05:00;06:00;Totalt i retning Stavanger;11;100,0;1;1;0;11;0,00;-;-;-;-;-;-;-;-
99274B3204701;Sykkelstamvegen Forus nord;EV39 S1000D65 m24;2026-06-04T05:00+02:00;2026-06-04T06:00+02:00;2026-06-04;05:00;06:00;Totalt;16;100,0;1;1;0;16;0,00;-;-;-;-;-;-;-;-
99274B3204701;Sykkelstamvegen Forus nord;EV39 S1000D65 m24;2026-06-04T06:00+02:00;2026-06-04T07:00+02:00;2026-06-04;06:00;07:00;1;25;100,0;1;1;0;25;0,00;-;-;-;-;-;-;-;-
99274B3204701;Sykkelstamvegen Forus nord;EV39 S1000D65 m24;2026-06-04T06:00+02:00;2026-06-04T07:00+02:00;2026-06-04;06:00;07:00;2;52;100,0;1;1;0;52;0,00;-;-;-;-;-;-;-;-
99274B3204701;Sykkelstamvegen Forus nord;EV39 S1000D65 m24;2026-06-04T06:00+02:00;2026-06-04T07:00+02:00;2026-06-04;06:00;07:00;Totalt i retning Sandnes;25;100,0;1;1;0;25;0,00;-;-;-;-;-;-;-;-
99274B3204701;Sykkelstamvegen Forus nord;EV39 S1000D65 m24;2026-06-04T06:00+02:00;2026-06-04T07:00+02:00;2026-06-04;06:00;07:00;Totalt i retning Stavanger;52;100,0;1;1;0;52;0,00;-;-;-;-;-;-;-;-
99274B3204701;Sykkelstamvegen Forus nord;EV39 S1000D65 m24;2026-06-04T06:00+02:00;2026-06-04T07:00+02:00;2026-06-04;06:00;07:00;Totalt;77;100,0;1;1;0;77;0,00;-;-;-;-;-;-;-;-
99274B3204701;Sykkelstamvegen Forus nord;EV39 S1000D65 m24;2026-06-04T07:00+02:00;2026-06-04T08:00+02:00;2026-06-04;07:00;08:00;1;35;100,0;1;1;0;35;0,00;-;-;-;-;-;-;-;-
99274B3204701;Sykkelstamvegen Forus nord;EV39 S1000D65 m24;2026-06-04T07:00+02:00;2026-06-04T08:00+02:00;2026-06-04;07:00;08:00;2;86;100,0;1;1;0;86;0,00;-;-;-;-;-;-;-;-
99274B3204701;Sykkelstamvegen Forus nord;EV39 S1000D65 m24;2026-06-04T07:00+02:00;2026-06-04T08:00+02:00;2026-06-04;07:00;08:00;Totalt i retning Sandnes;35;100,0;1;1;0;35;0,00;-;-;-;-;-;-;-;-
99274B3204701;Sykkelstamvegen Forus nord;EV39 S1000D65 m24;2026-06-04T07:00+02:00;2026-06-04T08:00+02:00;2026-06-04;07:00;08:00;Totalt i retning Stavanger;86;100,0;1;1;0;86;0,00;-;-;-;-;-;-;-;-
99274B3204701;Sykkelstamvegen Forus nord;EV39 S1000D65 m24;2026-06-04T07:00+02:00;2026-06-04T08:00+02:00;2026-06-04;07:00;08:00;Totalt;121;100,0;1;1;0;121;0,00;-;-;-;-;-;-;-;-
99274B3204701;Sykkelstamvegen Forus nord;EV39 S1000D65 m24;2026-06-04T08:00+02:00;2026-06-04T09:00+02:00;2026-06-04;08:00;09:00;1;18;100,0;1;1;0;18;0,00;-;-;-;-;-;-;-;-
99274B3204701;Sykkelstamvegen Forus nord;EV39 S1000D65 m24;2026-06-04T08:00+02:00;2026-06-04T09:00+02:00;2026-06-04;08:00;09:00;2;36;100,0;1;1;0;36;0,00;-;-;-;-;-;-;-;-
99274B3204701;Sykkelstamvegen Forus nord;EV39 S1000D65 m24;2026-06-04T08:00+02:00;2026-06-04T09:00+02:00;2026-06-04;08:00;09:00;Totalt i retning Sandnes;18;100,0;1;1;0;18;0,00;-;-;-;-;-;-;-;-
99274B3204701;Sykkelstamvegen Forus nord;EV39 S1000D65 m24;2026-06-04T08:00+02:00;2026-06-04T09:00+02:00;2026-06-04;08:00;09:00;Totalt i retning Stavanger;36;100,0;1;1;0;36;0,00;-;-;-;-;-;-;-;-
99274B3204701;Sykkelstamvegen Forus nord;EV39 S1000D65 m24;2026-06-04T08:00+02:00;2026-06-04T09:00+02:00;2026-06-04;08:00;09:00;Totalt;54;100,0;1;1;0;54;0,00;-;-;-;-;-;-;-;-
99274B3204701;Sykkelstamvegen Forus nord;EV39 S1000D65 m24;2026-06-04T09:00+02:00;2026-06-04T10:00+02:00;2026-06-04;09:00;10:00;1;3;100,0;1;1;0;3;0,00;-;-;-;-;-;-;-;-
99274B3204701;Sykkelstamvegen Forus nord;EV39 S1000D65 m24;2026-06-04T09:00+02:00;2026-06-04T10:00+02:00;2026-06-04;09:00;10:00;2;14;100,0;1;1;0;14;0,00;-;-;-;-;-;-;-;-
99274B3204701;Sykkelstamvegen Forus nord;EV39 S1000D65 m24;2026-06-04T09:00+02:00;2026-06-04T10:00+02:00;2026-06-04;09:00;10:00;Totalt i retning Sandnes;3;100,0;1;1;0;3;0,00;-;-;-;-;-;-;-;-
99274B3204701;Sykkelstamvegen Forus nord;EV39 S1000D65 m24;2026-06-04T09:00+02:00;2026-06-04T10:00+02:00;2026-06-04;09:00;10:00;Totalt i retning Stavanger;14;100,0;1;1;0;14;0,00;-;-;-;-;-;-;-;-
99274B3204701;Sykkelstamvegen Forus nord;EV39 S1000D65 m24;2026-06-04T09:00+02:00;2026-06-04T10:00+02:00;2026-06-04;09:00;10:00;Totalt;17;100,0;1;1;0;17;0,00;-;-;-;-;-;-;-;-
99274B3204701;Sykkelstamvegen Forus nord;EV39 S1000D65 m24;2026-06-04T10:00+02:00;2026-06-04T11:00+02:00;2026-06-04;10:00;11:00;1;10;100,0;1;1;0;10;0,00;-;-;-;-;-;-;-;-
99274B3204701;Sykkelstamvegen Forus nord;EV39 S1000D65 m24;2026-06-04T10:00+02:00;2026-06-04T11:00+02:00;2026-06-04;10:00;11:00;2;4;100,0;1;1;0;4;0,00;-;-;-;-;-;-;-;-
99274B3204701;Sykkelstamvegen Forus nord;EV39 S1000D65 m24;2026-06-04T10:00+02:00;2026-06-04T11:00+02:00;2026-06-04;10:00;11:00;Totalt i retning Sandnes;10;100,0;1;1;0;10;0,00;-;-;-;-;-;-;-;-
99274B3204701;Sykkelstamvegen Forus nord;EV39 S1000D65 m24;2026-06-04T10:00+02:00;2026-06-04T11:00+02:00;2026-06-04;10:00;11:00;Totalt i retning Stavanger;4;100,0;1;1;0;4;0,00;-;-;-;-;-;-;-;-
99274B3204701;Sykkelstamvegen Forus nord;EV39 S1000D65 m24;2026-06-04T10:00+02:00;2026-06-04T11:00+02:00;2026-06-04;10:00;11:00;Totalt;14;100,0;1;1;0;14;0,00;-;-;-;-;-;-;-;-
99274B3204701;Sykkelstamvegen Forus nord;EV39 S1000D65 m24;2026-06-04T11:00+02:00;2026-06-04T12:00+02:00;2026-06-04;11:00;12:00;1;16;100,0;1;1;0;16;0,00;-;-;-;-;-;-;-;-
99274B3204701;Sykkelstamvegen Forus nord;EV39 S1000D65 m24;2026-06-04T11:00+02:00;2026-06-04T12:00+02:00;2026-06-04;11:00;12:00;2;7;100,0;1;1;0;7;0,00;-;-;-;-;-;-;-;-
99274B3204701;Sykkelstamvegen Forus nord;EV39 S1000D65 m24;2026-06-04T11:00+02:00;2026-06-04T12:00+02:00;2026-06-04;11:00;12:00;Totalt i retning Sandnes;16;100,0;1;1;0;16;0,00;-;-;-;-;-;-;-;-
99274B3204701;Sykkelstamvegen Forus nord;EV39 S1000D65 m24;2026-06-04T11:00+02:00;2026-06-04T12:00+02:00;2026-06-04;11:00;12:00;Totalt i retning Stavanger;7;100,0;1;1;0;7;0,00;-;-;-;-;-;-;-;-
99274B3204701;Sykkelstamvegen Forus nord;EV39 S1000D65 m24;2026-06-04T11:00+02:00;2026-06-04T12:00+02:00;2026-06-04;11:00;12:00;Totalt;23;100,0;1;1;0;23;0,00;-;-;-;-;-;-;-;-
99274B3204701;Sykkelstamvegen Forus nord;EV39 S1000D65 m24;2026-06-04T12:00+02:00;2026-06-04T13:00+02:00;2026-06-04;12:00;13:00;1;15;100,0;1;1;0;15;0,00;-;-;-;-;-;-;-;-
99274B3204701;Sykkelstamvegen Forus nord;EV39 S1000D65 m24;2026-06-04T12:00+02:00;2026-06-04T13:00+02:00;2026-06-04;12:00;13:00;2;15;100,0;1;1;0;15;0,00;-;-;-;-;-;-;-;-
99274B3204701;Sykkelstamvegen Forus nord;EV39 S1000D65 m24;2026-06-04T12:00+02:00;2026-06-04T13:00+02:00;2026-06-04;12:00;13:00;Totalt i retning Sandnes;15;100,0;1;1;0;15;0,00;-;-;-;-;-;-;-;-
99274B3204701;Sykkelstamvegen Forus nord;EV39 S1000D65 m24;2026-06-04T12:00+02:00;2026-06-04T13:00+02:00;2026-06-04;12:00;13:00;Totalt i retning Stavanger;15;100,0;1;1;0;15;0,00;-;-;-;-;-;-;-;-
99274B3204701;Sykkelstamvegen Forus nord;EV39 S1000D65 m24;2026-06-04T12:00+02:00;2026-06-04T13:00+02:00;2026-06-04;12:00;13:00;Totalt;30;100,0;1;1;0;30;0,00;-;-;-;-;-;-;-;-
99274B3204701;Sykkelstamvegen Forus nord;EV39 S1000D65 m24;2026-06-04T13:00+02:00;2026-06-04T14:00+02:00;2026-06-04;13:00;14:00;1;26;100,0;1;1;0;26;0,00;-;-;-;-;-;-;-;-
99274B3204701;Sykkelstamvegen Forus nord;EV39 S1000D65 m24;2026-06-04T13:00+02:00;2026-06-04T14:00+02:00;2026-06-04;13:00;14:00;2;14;100,0;1;1;0;14;0,00;-;-;-;-;-;-;-;-
99274B3204701;Sykkelstamvegen Forus nord;EV39 S1000D65 m24;2026-06-04T13:00+02:00;2026-06-04T14:00+02:00;2026-06-04;13:00;14:00;Totalt i retning Sandnes;26;100,0;1;1;0;26;0,00;-;-;-;-;-;-;-;-
99274B3204701;Sykkelstamvegen Forus nord;EV39 S1000D65 m24;2026-06-04T13:00+02:00;2026-06-04T14:00+02:00;2026-06-04;13:00;14:00;Totalt i retning Stavanger;14;100,0;1;1;0;14;0,00;-;-;-;-;-;-;-;-
99274B3204701;Sykkelstamvegen Forus nord;EV39 S1000D65 m24;2026-06-04T13:00+02:00;2026-06-04T14:00+02:00;2026-06-04;13:00;14:00;Totalt;40;100,0;1;1;0;40;0,00;-;-;-;-;-;-;-;-
99274B3204701;Sykkelstamvegen Forus nord;EV39 S1000D65 m24;2026-06-04T14:00+02:00;2026-06-04T15:00+02:00;2026-06-04;14:00;15:00;1;32;100,0;1;1;0;32;0,00;-;-;-;-;-;-;-;-
99274B3204701;Sykkelstamvegen Forus nord;EV39 S1000D65 m24;2026-06-04T14:00+02:00;2026-06-04T15:00+02:00;2026-06-04;14:00;15:00;2;25;100,0;1;1;0;25;0,00;-;-;-;-;-;-;-;-
99274B3204701;Sykkelstamvegen Forus nord;EV39 S1000D65 m24;2026-06-04T14:00+02:00;2026-06-04T15:00+02:00;2026-06-04;14:00;15:00;Totalt i retning Sandnes;34;100,0;1;1;0;34;0,00;-;-;-;-;-;-;-;-
99274B3204701;Sykkelstamvegen Forus nord;EV39 S1000D65 m24;2026-06-04T14:00+02:00;2026-06-04T15:00+02:00;2026-06-04;14:00;15:00;Totalt i retning Stavanger;23;100,0;1;1;0;23;0,00;-;-;-;-;-;-;-;-
99274B3204701;Sykkelstamvegen Forus nord;EV39 S1000D65 m24;2026-06-04T14:00+02:00;2026-06-04T15:00+02:00;2026-06-04;14:00;15:00;Totalt;57;100,0;1;1;0;57;0,00;-;-;-;-;-;-;-;-
99274B3204701;Sykkelstamvegen Forus nord;EV39 S1000D65 m24;2026-06-04T15:00+02:00;2026-06-04T16:00+02:00;2026-06-04;15:00;16:00;1;93;100,0;1;1;0;93;0,00;-;-;-;-;-;-;-;-
99274B3204701;Sykkelstamvegen Forus nord;EV39 S1000D65 m24;2026-06-04T15:00+02:00;2026-06-04T16:00+02:00;2026-06-04;15:00;16:00;2;38;100,0;1;1;0;38;0,00;-;-;-;-;-;-;-;-
99274B3204701;Sykkelstamvegen Forus nord;EV39 S1000D65 m24;2026-06-04T15:00+02:00;2026-06-04T16:00+02:00;2026-06-04;15:00;16:00;Totalt i retning Sandnes;93;100,0;1;1;0;93;0,00;-;-;-;-;-;-;-;-
99274B3204701;Sykkelstamvegen Forus nord;EV39 S1000D65 m24;2026-06-04T15:00+02:00;2026-06-04T16:00+02:00;2026-06-04;15:00;16:00;Totalt i retning Stavanger;38;100,0;1;1;0;38;0,00;-;-;-;-;-;-;-;-
99274B3204701;Sykkelstamvegen Forus nord;EV39 S1000D65 m24;2026-06-04T15:00+02:00;2026-06-04T16:00+02:00;2026-06-04;15:00;16:00;Totalt;131;100,0;1;1;0;131;0,00;-;-;-;-;-;-;-;-
99274B3204701;Sykkelstamvegen Forus nord;EV39 S1000D65 m24;2026-06-04T16:00+02:00;2026-06-04T17:00+02:00;2026-06-04;16:00;17:00;1;69;100,0;1;1;0;69;0,00;-;-;-;-;-;-;-;-
99274B3204701;Sykkelstamvegen Forus nord;EV39 S1000D65 m24;2026-06-04T16:00+02:00;2026-06-04T17:00+02:00;2026-06-04;16:00;17:00;2;32;100,0;1;1;0;32;0,00;-;-;-;-;-;-;-;-
99274B3204701;Sykkelstamvegen Forus nord;EV39 S1000D65 m24;2026-06-04T16:00+02:00;2026-06-04T17:00+02:00;2026-06-04;16:00;17:00;Totalt i retning Sandnes;70;100,0;1;1;0;70;0,00;-;-;-;-;-;-;-;-
99274B3204701;Sykkelstamvegen Forus nord;EV39 S1000D65 m24;2026-06-04T16:00+02:00;2026-06-04T17:00+02:00;2026-06-04;16:00;17:00;Totalt i retning Stavanger;31;100,0;1;1;0;31;0,00;-;-;-;-;-;-;-;-
99274B3204701;Sykkelstamvegen Forus nord;EV39 S1000D65 m24;2026-06-04T16:00+02:00;2026-06-04T17:00+02:00;2026-06-04;16:00;17:00;Totalt;101;100,0;1;1;0;101;0,00;-;-;-;-;-;-;-;-
99274B3204701;Sykkelstamvegen Forus nord;EV39 S1000D65 m24;2026-06-04T17:00+02:00;2026-06-04T18:00+02:00;2026-06-04;17:00;18:00;1;29;100,0;1;1;0;29;0,00;-;-;-;-;-;-;-;-
99274B3204701;Sykkelstamvegen Forus nord;EV39 S1000D65 m24;2026-06-04T17:00+02:00;2026-06-04T18:00+02:00;2026-06-04;17:00;18:00;2;33;100,0;1;1;0;33;0,00;-;-;-;-;-;-;-;-
99274B3204701;Sykkelstamvegen Forus nord;EV39 S1000D65 m24;2026-06-04T17:00+02:00;2026-06-04T18:00+02:00;2026-06-04;17:00;18:00;Totalt i retning Sandnes;29;100,0;1;1;0;29;0,00;-;-;-;-;-;-;-;-
99274B3204701;Sykkelstamvegen Forus nord;EV39 S1000D65 m24;2026-06-04T17:00+02:00;2026-06-04T18:00+02:00;2026-06-04;17:00;18:00;Totalt i retning Stavanger;33;100,0;1;1;0;33;0,00;-;-;-;-;-;-;-;-
99274B3204701;Sykkelstamvegen Forus nord;EV39 S1000D65 m24;2026-06-04T17:00+02:00;2026-06-04T18:00+02:00;2026-06-04;17:00;18:00;Totalt;62;100,0;1;1;0;62;0,00;-;-;-;-;-;-;-;-
99274B3204701;Sykkelstamvegen Forus nord;EV39 S1000D65 m24;2026-06-04T18:00+02:00;2026-06-04T19:00+02:00;2026-06-04;18:00;19:00;1;32;100,0;1;1;0;32;0,00;-;-;-;-;-;-;-;-
99274B3204701;Sykkelstamvegen Forus nord;EV39 S1000D65 m24;2026-06-04T18:00+02:00;2026-06-04T19:00+02:00;2026-06-04;18:00;19:00;2;19;100,0;1;1;0;19;0,00;-;-;-;-;-;-;-;-
99274B3204701;Sykkelstamvegen Forus nord;EV39 S1000D65 m24;2026-06-04T18:00+02:00;2026-06-04T19:00+02:00;2026-06-04;18:00;19:00;Totalt i retning Sandnes;31;100,0;1;1;0;31;0,00;-;-;-;-;-;-;-;-
99274B3204701;Sykkelstamvegen Forus nord;EV39 S1000D65 m24;2026-06-04T18:00+02:00;2026-06-04T19:00+02:00;2026-06-04;18:00;19:00;Totalt i retning Stavanger;20;100,0;1;1;0;20;0,00;-;-;-;-;-;-;-;-
99274B3204701;Sykkelstamvegen Forus nord;EV39 S1000D65 m24;2026-06-04T18:00+02:00;2026-06-04T19:00+02:00;2026-06-04;18:00;19:00;Totalt;51;100,0;1;1;0;51;0,00;-;-;-;-;-;-;-;-
99274B3204701;Sykkelstamvegen Forus nord;EV39 S1000D65 m24;2026-06-04T19:00+02:00;2026-06-04T20:00+02:00;2026-06-04;19:00;20:00;1;17;100,0;1;1;0;17;0,00;-;-;-;-;-;-;-;-
99274B3204701;Sykkelstamvegen Forus nord;EV39 S1000D65 m24;2026-06-04T19:00+02:00;2026-06-04T20:00+02:00;2026-06-04;19:00;20:00;2;14;100,0;1;1;0;14;0,00;-;-;-;-;-;-;-;-
99274B3204701;Sykkelstamvegen Forus nord;EV39 S1000D65 m24;2026-06-04T19:00+02:00;2026-06-04T20:00+02:00;2026-06-04;19:00;20:00;Totalt i retning Sandnes;17;100,0;1;1;0;17;0,00;-;-;-;-;-;-;-;-
99274B3204701;Sykkelstamvegen Forus nord;EV39 S1000D65 m24;2026-06-04T19:00+02:00;2026-06-04T20:00+02:00;2026-06-04;19:00;20:00;Totalt i retning Stavanger;14;100,0;1;1;0;14;0,00;-;-;-;-;-;-;-;-
99274B3204701;Sykkelstamvegen Forus nord;EV39 S1000D65 m24;2026-06-04T19:00+02:00;2026-06-04T20:00+02:00;2026-06-04;19:00;20:00;Totalt;31;100,0;1;1;0;31;0,00;-;-;-;-;-;-;-;-
99274B3204701;Sykkelstamvegen Forus nord;EV39 S1000D65 m24;2026-06-04T20:00+02:00;2026-06-04T21:00+02:00;2026-06-04;20:00;21:00;1;6;100,0;1;1;0;6;0,00;-;-;-;-;-;-;-;-
99274B3204701;Sykkelstamvegen Forus nord;EV39 S1000D65 m24;2026-06-04T20:00+02:00;2026-06-04T21:00+02:00;2026-06-04;20:00;21:00;2;8;100,0;1;1;0;8;0,00;-;-;-;-;-;-;-;-
99274B3204701;Sykkelstamvegen Forus nord;EV39 S1000D65 m24;2026-06-04T20:00+02:00;2026-06-04T21:00+02:00;2026-06-04;20:00;21:00;Totalt i retning Sandnes;6;100,0;1;1;0;6;0,00;-;-;-;-;-;-;-;-
99274B3204701;Sykkelstamvegen Forus nord;EV39 S1000D65 m24;2026-06-04T20:00+02:00;2026-06-04T21:00+02:00;2026-06-04;20:00;21:00;Totalt i retning Stavanger;8;100,0;1;1;0;8;0,00;-;-;-;-;-;-;-;-
99274B3204701;Sykkelstamvegen Forus nord;EV39 S1000D65 m24;2026-06-04T20:00+02:00;2026-06-04T21:00+02:00;2026-06-04;20:00;21:00;Totalt;14;100,0;1;1;0;14;0,00;-;-;-;-;-;-;-;-
99274B3204701;Sykkelstamvegen Forus nord;EV39 S1000D65 m24;2026-06-04T21:00+02:00;2026-06-04T22:00+02:00;2026-06-04;21:00;22:00;1;6;100,0;1;1;0;6;0,00;-;-;-;-;-;-;-;-
99274B3204701;Sykkelstamvegen Forus nord;EV39 S1000D65 m24;2026-06-04T21:00+02:00;2026-06-04T22:00+02:00;2026-06-04;21:00;22:00;2;3;100,0;1;1;0;3;0,00;-;-;-;-;-;-;-;-
99274B3204701;Sykkelstamvegen Forus nord;EV39 S1000D65 m24;2026-06-04T21:00+02:00;2026-06-04T22:00+02:00;2026-06-04;21:00;22:00;Totalt i retning Sandnes;6;100,0;1;1;0;6;0,00;-;-;-;-;-;-;-;-
99274B3204701;Sykkelstamvegen Forus nord;EV39 S1000D65 m24;2026-06-04T21:00+02:00;2026-06-04T22:00+02:00;2026-06-04;21:00;22:00;Totalt i retning Stavanger;3;100,0;1;1;0;3;0,00;-;-;-;-;-;-;-;-
99274B3204701;Sykkelstamvegen Forus nord;EV39 S1000D65 m24;2026-06-04T21:00+02:00;2026-06-04T22:00+02:00;2026-06-04;21:00;22:00;Totalt;9;100,0;1;1;0;9;0,00;-;-;-;-;-;-;-;-
99274B3204701;Sykkelstamvegen Forus nord;EV39 S1000D65 m24;2026-06-04T22:00+02:00;2026-06-04T23:00+02:00;2026-06-04;22:00;23:00;1;1;100,0;1;1;0;1;0,00;-;-;-;-;-;-;-;-
99274B3204701;Sykkelstamvegen Forus nord;EV39 S1000D65 m24;2026-06-04T22:00+02:00;2026-06-04T23:00+02:00;2026-06-04;22:00;23:00;2;2;100,0;1;1;0;2;0,00;-;-;-;-;-;-;-;-
99274B3204701;Sykkelstamvegen Forus nord;EV39 S1000D65 m24;2026-06-04T22:00+02:00;2026-06-04T23:00+02:00;2026-06-04;22:00;23:00;Totalt i retning Sandnes;1;100,0;1;1;0;1;0,00;-;-;-;-;-;-;-;-
99274B3204701;Sykkelstamvegen Forus nord;EV39 S1000D65 m24;2026-06-04T22:00+02:00;2026-06-04T23:00+02:00;2026-06-04;22:00;23:00;Totalt i retning Stavanger;2;100,0;1;1;0;2;0,00;-;-;-;-;-;-;-;-
99274B3204701;Sykkelstamvegen Forus nord;EV39 S1000D65 m24;2026-06-04T22:00+02:00;2026-06-04T23:00+02:00;2026-06-04;22:00;23:00;Totalt;3;100,0;1;1;0;3;0,00;-;-;-;-;-;-;-;-
99274B3204701;Sykkelstamvegen Forus nord;EV39 S1000D65 m24;2026-06-04T23:00+02:00;2026-06-05T00:00+02:00;2026-06-04;23:00;00:00;1;4;100,0;1;1;0;4;0,00;-;-;-;-;-;-;-;-
99274B3204701;Sykkelstamvegen Forus nord;EV39 S1000D65 m24;2026-06-04T23:00+02:00;2026-06-05T00:00+02:00;2026-06-04;23:00;00:00;2;0;100,0;1;1;0;0;100,00;-;-;-;-;-;-;-;-
99274B3204701;Sykkelstamvegen Forus nord;EV39 S1000D65 m24;2026-06-04T23:00+02:00;2026-06-05T00:00+02:00;2026-06-04;23:00;00:00;Totalt i retning Sandnes;4;100,0;1;1;0;4;0,00;-;-;-;-;-;-;-;-
99274B3204701;Sykkelstamvegen Forus nord;EV39 S1000D65 m24;2026-06-04T23:00+02:00;2026-06-05T00:00+02:00;2026-06-04;23:00;00:00;Totalt i retning Stavanger;0;100,0;1;1;0;0;100,00;-;-;-;-;-;-;-;-
99274B3204701;Sykkelstamvegen Forus nord;EV39 S1000D65 m24;2026-06-04T23:00+02:00;2026-06-05T00:00+02:00;2026-06-04;23:00;00:00;Totalt;4;100,0;1;1;0;4;0,00;-;-;-;-;-;-;-;-
99274B3204701;Sykkelstamvegen Forus nord;EV39 S1000D65 m24;2026-06-05T00:00+02:00;2026-06-05T01:00+02:00;2026-06-05;00:00;01:00;1;0;100,0;1;1;0;0;100,00;-;-;-;-;-;-;-;-
99274B3204701;Sykkelstamvegen Forus nord;EV39 S1000D65 m24;2026-06-05T00:00+02:00;2026-06-05T01:00+02:00;2026-06-05;00:00;01:00;2;0;100,0;1;1;0;0;100,00;-;-;-;-;-;-;-;-
99274B3204701;Sykkelstamvegen Forus nord;EV39 S1000D65 m24;2026-06-05T00:00+02:00;2026-06-05T01:00+02:00;2026-06-05;00:00;01:00;Totalt i retning Sandnes;0;100,0;1;1;0;0;100,00;-;-;-;-;-;-;-;-
99274B3204701;Sykkelstamvegen Forus nord;EV39 S1000D65 m24;2026-06-05T00:00+02:00;2026-06-05T01:00+02:00;2026-06-05;00:00;01:00;Totalt i retning Stavanger;0;100,0;1;1;0;0;100,00;-;-;-;-;-;-;-;-
99274B3204701;Sykkelstamvegen Forus nord;EV39 S1000D65 m24;2026-06-05T00:00+02:00;2026-06-05T01:00+02:00;2026-06-05;00:00;01:00;Totalt;0;100,0;1;1;0;0;100,00;-;-;-;-;-;-;-;-
99274B3204701;Sykkelstamvegen Forus nord;EV39 S1000D65 m24;2026-06-05T01:00+02:00;2026-06-05T02:00+02:00;2026-06-05;01:00;02:00;1;0;100,0;1;1;0;0;100,00;-;-;-;-;-;-;-;-
99274B3204701;Sykkelstamvegen Forus nord;EV39 S1000D65 m24;2026-06-05T01:00+02:00;2026-06-05T02:00+02:00;2026-06-05;01:00;02:00;2;0;100,0;1;1;0;0;100,00;-;-;-;-;-;-;-;-
99274B3204701;Sykkelstamvegen Forus nord;EV39 S1000D65 m24;2026-06-05T01:00+02:00;2026-06-05T02:00+02:00;2026-06-05;01:00;02:00;Totalt i retning Sandnes;0;100,0;1;1;0;0;100,00;-;-;-;-;-;-;-;-
99274B3204701;Sykkelstamvegen Forus nord;EV39 S1000D65 m24;2026-06-05T01:00+02:00;2026-06-05T02:00+02:00;2026-06-05;01:00;02:00;Totalt i retning Stavanger;0;100,0;1;1;0;0;100,00;-;-;-;-;-;-;-;-
99274B3204701;Sykkelstamvegen Forus nord;EV39 S1000D65 m24;2026-06-05T01:00+02:00;2026-06-05T02:00+02:00;2026-06-05;01:00;02:00;Totalt;0;100,0;1;1;0;0;100,00;-;-;-;-;-;-;-;-
99274B3204701;Sykkelstamvegen Forus nord;EV39 S1000D65 m24;2026-06-05T02:00+02:00;2026-06-05T03:00+02:00;2026-06-05;02:00;03:00;1;0;100,0;1;1;0;0;100,00;-;-;-;-;-;-;-;-
99274B3204701;Sykkelstamvegen Forus nord;EV39 S1000D65 m24;2026-06-05T02:00+02:00;2026-06-05T03:00+02:00;2026-06-05;02:00;03:00;2;2;100,0;1;1;0;2;0,00;-;-;-;-;-;-;-;-
99274B3204701;Sykkelstamvegen Forus nord;EV39 S1000D65 m24;2026-06-05T02:00+02:00;2026-06-05T03:00+02:00;2026-06-05;02:00;03:00;Totalt i retning Sandnes;0;100,0;1;1;0;0;100,00;-;-;-;-;-;-;-;-
99274B3204701;Sykkelstamvegen Forus nord;EV39 S1000D65 m24;2026-06-05T02:00+02:00;2026-06-05T03:00+02:00;2026-06-05;02:00;03:00;Totalt i retning Stavanger;2;100,0;1;1;0;2;0,00;-;-;-;-;-;-;-;-
99274B3204701;Sykkelstamvegen Forus nord;EV39 S1000D65 m24;2026-06-05T02:00+02:00;2026-06-05T03:00+02:00;2026-06-05;02:00;03:00;Totalt;2;100,0;1;1;0;2;0,00;-;-;-;-;-;-;-;-
99274B3204701;Sykkelstamvegen Forus nord;EV39 S1000D65 m24;2026-06-05T03:00+02:00;2026-06-05T04:00+02:00;2026-06-05;03:00;04:00;1;0;100,0;1;1;0;0;100,00;-;-;-;-;-;-;-;-
99274B3204701;Sykkelstamvegen Forus nord;EV39 S1000D65 m24;2026-06-05T03:00+02:00;2026-06-05T04:00+02:00;2026-06-05;03:00;04:00;2;2;100,0;1;1;0;2;0,00;-;-;-;-;-;-;-;-
99274B3204701;Sykkelstamvegen Forus nord;EV39 S1000D65 m24;2026-06-05T03:00+02:00;2026-06-05T04:00+02:00;2026-06-05;03:00;04:00;Totalt i retning Sandnes;0;100,0;1;1;0;0;100,00;-;-;-;-;-;-;-;-
99274B3204701;Sykkelstamvegen Forus nord;EV39 S1000D65 m24;2026-06-05T03:00+02:00;2026-06-05T04:00+02:00;2026-06-05;03:00;04:00;Totalt i retning Stavanger;2;100,0;1;1;0;2;0,00;-;-;-;-;-;-;-;-
99274B3204701;Sykkelstamvegen Forus nord;EV39 S1000D65 m24;2026-06-05T03:00+02:00;2026-06-05T04:00+02:00;2026-06-05;03:00;04:00;Totalt;2;100,0;1;1;0;2;0,00;-;-;-;-;-;-;-;-
99274B3204701;Sykkelstamvegen Forus nord;EV39 S1000D65 m24;2026-06-05T04:00+02:00;2026-06-05T05:00+02:00;2026-06-05;04:00;05:00;1;0;100,0;1;1;0;0;100,00;-;-;-;-;-;-;-;-
99274B3204701;Sykkelstamvegen Forus nord;EV39 S1000D65 m24;2026-06-05T04:00+02:00;2026-06-05T05:00+02:00;2026-06-05;04:00;05:00;2;0;100,0;1;1;0;0;100,00;-;-;-;-;-;-;-;-
99274B3204701;Sykkelstamvegen Forus nord;EV39 S1000D65 m24;2026-06-05T04:00+02:00;2026-06-05T05:00+02:00;2026-06-05;04:00;05:00;Totalt i retning Sandnes;0;100,0;1;1;0;0;100,00;-;-;-;-;-;-;-;-
99274B3204701;Sykkelstamvegen Forus nord;EV39 S1000D65 m24;2026-06-05T04:00+02:00;2026-06-05T05:00+02:00;2026-06-05;04:00;05:00;Totalt i retning Stavanger;0;100,0;1;1;0;0;100,00;-;-;-;-;-;-;-;-
99274B3204701;Sykkelstamvegen Forus nord;EV39 S1000D65 m24;2026-06-05T04:00+02:00;2026-06-05T05:00+02:00;2026-06-05;04:00;05:00;Totalt;0;100,0;1;1;0;0;100,00;-;-;-;-;-;-;-;-
99274B3204701;Sykkelstamvegen Forus nord;EV39 S1000D65 m24;2026-06-05T05:00+02:00;2026-06-05T06:00+02:00;2026-06-05;05:00;06:00;1;6;100,0;1;1;0;6;0,00;-;-;-;-;-;-;-;-
99274B3204701;Sykkelstamvegen Forus nord;EV39 S1000D65 m24;2026-06-05T05:00+02:00;2026-06-05T06:00+02:00;2026-06-05;05:00;06:00;2;8;100,0;1;1;0;8;0,00;-;-;-;-;-;-;-;-
99274B3204701;Sykkelstamvegen Forus nord;EV39 S1000D65 m24;2026-06-05T05:00+02:00;2026-06-05T06:00+02:00;2026-06-05;05:00;06:00;Totalt i retning Sandnes;6;100,0;1;1;0;6;0,00;-;-;-;-;-;-;-;-
99274B3204701;Sykkelstamvegen Forus nord;EV39 S1000D65 m24;2026-06-05T05:00+02:00;2026-06-05T06:00+02:00;2026-06-05;05:00;06:00;Totalt i retning Stavanger;8;100,0;1;1;0;8;0,00;-;-;-;-;-;-;-;-
99274B3204701;Sykkelstamvegen Forus nord;EV39 S1000D65 m24;2026-06-05T05:00+02:00;2026-06-05T06:00+02:00;2026-06-05;05:00;06:00;Totalt;14;100,0;1;1;0;14;0,00;-;-;-;-;-;-;-;-
99274B3204701;Sykkelstamvegen Forus nord;EV39 S1000D65 m24;2026-06-05T06:00+02:00;2026-06-05T07:00+02:00;2026-06-05;06:00;07:00;1;12;100,0;1;1;0;12;0,00;-;-;-;-;-;-;-;-
99274B3204701;Sykkelstamvegen Forus nord;EV39 S1000D65 m24;2026-06-05T06:00+02:00;2026-06-05T07:00+02:00;2026-06-05;06:00;07:00;2;62;100,0;1;1;0;62;0,00;-;-;-;-;-;-;-;-
99274B3204701;Sykkelstamvegen Forus nord;EV39 S1000D65 m24;2026-06-05T06:00+02:00;2026-06-05T07:00+02:00;2026-06-05;06:00;07:00;Totalt i retning Sandnes;12;100,0;1;1;0;12;0,00;-;-;-;-;-;-;-;-
99274B3204701;Sykkelstamvegen Forus nord;EV39 S1000D65 m24;2026-06-05T06:00+02:00;2026-06-05T07:00+02:00;2026-06-05;06:00;07:00;Totalt i retning Stavanger;62;100,0;1;1;0;62;0,00;-;-;-;-;-;-;-;-
99274B3204701;Sykkelstamvegen Forus nord;EV39 S1000D65 m24;2026-06-05T06:00+02:00;2026-06-05T07:00+02:00;2026-06-05;06:00;07:00;Totalt;74;100,0;1;1;0;74;0,00;-;-;-;-;-;-;-;-
99274B3204701;Sykkelstamvegen Forus nord;EV39 S1000D65 m24;2026-06-05T07:00+02:00;2026-06-05T08:00+02:00;2026-06-05;07:00;08:00;1;30;100,0;1;1;0;30;0,00;-;-;-;-;-;-;-;-
99274B3204701;Sykkelstamvegen Forus nord;EV39 S1000D65 m24;2026-06-05T07:00+02:00;2026-06-05T08:00+02:00;2026-06-05;07:00;08:00;2;73;100,0;1;1;0;73;0,00;-;-;-;-;-;-;-;-
99274B3204701;Sykkelstamvegen Forus nord;EV39 S1000D65 m24;2026-06-05T07:00+02:00;2026-06-05T08:00+02:00;2026-06-05;07:00;08:00;Totalt i retning Sandnes;30;100,0;1;1;0;30;0,00;-;-;-;-;-;-;-;-
99274B3204701;Sykkelstamvegen Forus nord;EV39 S1000D65 m24;2026-06-05T07:00+02:00;2026-06-05T08:00+02:00;2026-06-05;07:00;08:00;Totalt i retning Stavanger;73;100,0;1;1;0;73;0,00;-;-;-;-;-;-;-;-
99274B3204701;Sykkelstamvegen Forus nord;EV39 S1000D65 m24;2026-06-05T07:00+02:00;2026-06-05T08:00+02:00;2026-06-05;07:00;08:00;Totalt;103;100,0;1;1;0;103;0,00;-;-;-;-;-;-;-;-
99274B3204701;Sykkelstamvegen Forus nord;EV39 S1000D65 m24;2026-06-05T08:00+02:00;2026-06-05T09:00+02:00;2026-06-05;08:00;09:00;1;19;100,0;1;1;0;19;0,00;-;-;-;-;-;-;-;-
99274B3204701;Sykkelstamvegen Forus nord;EV39 S1000D65 m24;2026-06-05T08:00+02:00;2026-06-05T09:00+02:00;2026-06-05;08:00;09:00;2;33;100,0;1;1;0;33;0,00;-;-;-;-;-;-;-;-
99274B3204701;Sykkelstamvegen Forus nord;EV39 S1000D65 m24;2026-06-05T08:00+02:00;2026-06-05T09:00+02:00;2026-06-05;08:00;09:00;Totalt i retning Sandnes;19;100,0;1;1;0;19;0,00;-;-;-;-;-;-;-;-
99274B3204701;Sykkelstamvegen Forus nord;EV39 S1000D65 m24;2026-06-05T08:00+02:00;2026-06-05T09:00+02:00;2026-06-05;08:00;09:00;Totalt i retning Stavanger;33;100,0;1;1;0;33;0,00;-;-;-;-;-;-;-;-
99274B3204701;Sykkelstamvegen Forus nord;EV39 S1000D65 m24;2026-06-05T08:00+02:00;2026-06-05T09:00+02:00;2026-06-05;08:00;09:00;Totalt;52;100,0;1;1;0;52;0,00;-;-;-;-;-;-;-;-
99274B3204701;Sykkelstamvegen Forus nord;EV39 S1000D65 m24;2026-06-05T09:00+02:00;2026-06-05T10:00+02:00;2026-06-05;09:00;10:00;1;5;100,0;1;1;0;5;0,00;-;-;-;-;-;-;-;-
99274B3204701;Sykkelstamvegen Forus nord;EV39 S1000D65 m24;2026-06-05T09:00+02:00;2026-06-05T10:00+02:00;2026-06-05;09:00;10:00;2;4;100,0;1;1;0;4;0,00;-;-;-;-;-;-;-;-
99274B3204701;Sykkelstamvegen Forus nord;EV39 S1000D65 m24;2026-06-05T09:00+02:00;2026-06-05T10:00+02:00;2026-06-05;09:00;10:00;Totalt i retning Sandnes;5;100,0;1;1;0;5;0,00;-;-;-;-;-;-;-;-
99274B3204701;Sykkelstamvegen Forus nord;EV39 S1000D65 m24;2026-06-05T09:00+02:00;2026-06-05T10:00+02:00;2026-06-05;09:00;10:00;Totalt i retning Stavanger;4;100,0;1;1;0;4;0,00;-;-;-;-;-;-;-;-
99274B3204701;Sykkelstamvegen Forus nord;EV39 S1000D65 m24;2026-06-05T09:00+02:00;2026-06-05T10:00+02:00;2026-06-05;09:00;10:00;Totalt;9;100,0;1;1;0;9;0,00;-;-;-;-;-;-;-;-
99274B3204701;Sykkelstamvegen Forus nord;EV39 S1000D65 m24;2026-06-05T10:00+02:00;2026-06-05T11:00+02:00;2026-06-05;10:00;11:00;1;4;100,0;1;1;0;4;0,00;-;-;-;-;-;-;-;-
99274B3204701;Sykkelstamvegen Forus nord;EV39 S1000D65 m24;2026-06-05T10:00+02:00;2026-06-05T11:00+02:00;2026-06-05;10:00;11:00;2;6;100,0;1;1;0;6;0,00;-;-;-;-;-;-;-;-
99274B3204701;Sykkelstamvegen Forus nord;EV39 S1000D65 m24;2026-06-05T10:00+02:00;2026-06-05T11:00+02:00;2026-06-05;10:00;11:00;Totalt i retning Sandnes;4;100,0;1;1;0;4;0,00;-;-;-;-;-;-;-;-
99274B3204701;Sykkelstamvegen Forus nord;EV39 S1000D65 m24;2026-06-05T10:00+02:00;2026-06-05T11:00+02:00;2026-06-05;10:00;11:00;Totalt i retning Stavanger;6;100,0;1;1;0;6;0,00;-;-;-;-;-;-;-;-
99274B3204701;Sykkelstamvegen Forus nord;EV39 S1000D65 m24;2026-06-05T10:00+02:00;2026-06-05T11:00+02:00;2026-06-05;10:00;11:00;Totalt;10;100,0;1;1;0;10;0,00;-;-;-;-;-;-;-;-
99274B3204701;Sykkelstamvegen Forus nord;EV39 S1000D65 m24;2026-06-05T11:00+02:00;2026-06-05T12:00+02:00;2026-06-05;11:00;12:00;1;4;100,0;1;1;0;4;0,00;-;-;-;-;-;-;-;-
99274B3204701;Sykkelstamvegen Forus nord;EV39 S1000D65 m24;2026-06-05T11:00+02:00;2026-06-05T12:00+02:00;2026-06-05;11:00;12:00;2;7;100,0;1;1;0;7;0,00;-;-;-;-;-;-;-;-
99274B3204701;Sykkelstamvegen Forus nord;EV39 S1000D65 m24;2026-06-05T11:00+02:00;2026-06-05T12:00+02:00;2026-06-05;11:00;12:00;Totalt i retning Sandnes;4;100,0;1;1;0;4;0,00;-;-;-;-;-;-;-;-
99274B3204701;Sykkelstamvegen Forus nord;EV39 S1000D65 m24;2026-06-05T11:00+02:00;2026-06-05T12:00+02:00;2026-06-05;11:00;12:00;Totalt i retning Stavanger;7;100,0;1;1;0;7;0,00;-;-;-;-;-;-;-;-
99274B3204701;Sykkelstamvegen Forus nord;EV39 S1000D65 m24;2026-06-05T11:00+02:00;2026-06-05T12:00+02:00;2026-06-05;11:00;12:00;Totalt;11;100,0;1;1;0;11;0,00;-;-;-;-;-;-;-;-
99274B3204701;Sykkelstamvegen Forus nord;EV39 S1000D65 m24;2026-06-05T12:00+02:00;2026-06-05T13:00+02:00;2026-06-05;12:00;13:00;1;4;100,0;1;1;0;4;0,00;-;-;-;-;-;-;-;-
99274B3204701;Sykkelstamvegen Forus nord;EV39 S1000D65 m24;2026-06-05T12:00+02:00;2026-06-05T13:00+02:00;2026-06-05;12:00;13:00;2;7;100,0;1;1;0;7;0,00;-;-;-;-;-;-;-;-
99274B3204701;Sykkelstamvegen Forus nord;EV39 S1000D65 m24;2026-06-05T12:00+02:00;2026-06-05T13:00+02:00;2026-06-05;12:00;13:00;Totalt i retning Sandnes;4;100,0;1;1;0;4;0,00;-;-;-;-;-;-;-;-
99274B3204701;Sykkelstamvegen Forus nord;EV39 S1000D65 m24;2026-06-05T12:00+02:00;2026-06-05T13:00+02:00;2026-06-05;12:00;13:00;Totalt i retning Stavanger;7;100,0;1;1;0;7;0,00;-;-;-;-;-;-;-;-
99274B3204701;Sykkelstamvegen Forus nord;EV39 S1000D65 m24;2026-06-05T12:00+02:00;2026-06-05T13:00+02:00;2026-06-05;12:00;13:00;Totalt;11;100,0;1;1;0;11;0,00;-;-;-;-;-;-;-;-
99274B3204701;Sykkelstamvegen Forus nord;EV39 S1000D65 m24;2026-06-05T13:00+02:00;2026-06-05T14:00+02:00;2026-06-05;13:00;14:00;1;14;100,0;1;1;0;14;0,00;-;-;-;-;-;-;-;-
99274B3204701;Sykkelstamvegen Forus nord;EV39 S1000D65 m24;2026-06-05T13:00+02:00;2026-06-05T14:00+02:00;2026-06-05;13:00;14:00;2;10;100,0;1;1;0;10;0,00;-;-;-;-;-;-;-;-
99274B3204701;Sykkelstamvegen Forus nord;EV39 S1000D65 m24;2026-06-05T13:00+02:00;2026-06-05T14:00+02:00;2026-06-05;13:00;14:00;Totalt i retning Sandnes;13;100,0;1;1;0;13;0,00;-;-;-;-;-;-;-;-
99274B3204701;Sykkelstamvegen Forus nord;EV39 S1000D65 m24;2026-06-05T13:00+02:00;2026-06-05T14:00+02:00;2026-06-05;13:00;14:00;Totalt i retning Stavanger;11;100,0;1;1;0;11;0,00;-;-;-;-;-;-;-;-
99274B3204701;Sykkelstamvegen Forus nord;EV39 S1000D65 m24;2026-06-05T13:00+02:00;2026-06-05T14:00+02:00;2026-06-05;13:00;14:00;Totalt;24;100,0;1;1;0;24;0,00;-;-;-;-;-;-;-;-
99274B3204701;Sykkelstamvegen Forus nord;EV39 S1000D65 m24;2026-06-05T14:00+02:00;2026-06-05T15:00+02:00;2026-06-05;14:00;15:00;1;23;100,0;1;1;0;23;0,00;-;-;-;-;-;-;-;-
99274B3204701;Sykkelstamvegen Forus nord;EV39 S1000D65 m24;2026-06-05T14:00+02:00;2026-06-05T15:00+02:00;2026-06-05;14:00;15:00;2;11;100,0;1;1;0;11;0,00;-;-;-;-;-;-;-;-
99274B3204701;Sykkelstamvegen Forus nord;EV39 S1000D65 m24;2026-06-05T14:00+02:00;2026-06-05T15:00+02:00;2026-06-05;14:00;15:00;Totalt i retning Sandnes;23;100,0;1;1;0;23;0,00;-;-;-;-;-;-;-;-
99274B3204701;Sykkelstamvegen Forus nord;EV39 S1000D65 m24;2026-06-05T14:00+02:00;2026-06-05T15:00+02:00;2026-06-05;14:00;15:00;Totalt i retning Stavanger;11;100,0;1;1;0;11;0,00;-;-;-;-;-;-;-;-
99274B3204701;Sykkelstamvegen Forus nord;EV39 S1000D65 m24;2026-06-05T14:00+02:00;2026-06-05T15:00+02:00;2026-06-05;14:00;15:00;Totalt;34;100,0;1;1;0;34;0,00;-;-;-;-;-;-;-;-
99274B3204701;Sykkelstamvegen Forus nord;EV39 S1000D65 m24;2026-06-05T15:00+02:00;2026-06-05T16:00+02:00;2026-06-05;15:00;16:00;1;93;100,0;1;1;0;93;0,00;-;-;-;-;-;-;-;-
99274B3204701;Sykkelstamvegen Forus nord;EV39 S1000D65 m24;2026-06-05T15:00+02:00;2026-06-05T16:00+02:00;2026-06-05;15:00;16:00;2;31;100,0;1;1;0;31;0,00;-;-;-;-;-;-;-;-
99274B3204701;Sykkelstamvegen Forus nord;EV39 S1000D65 m24;2026-06-05T15:00+02:00;2026-06-05T16:00+02:00;2026-06-05;15:00;16:00;Totalt i retning Sandnes;93;100,0;1;1;0;93;0,00;-;-;-;-;-;-;-;-
99274B3204701;Sykkelstamvegen Forus nord;EV39 S1000D65 m24;2026-06-05T15:00+02:00;2026-06-05T16:00+02:00;2026-06-05;15:00;16:00;Totalt i retning Stavanger;31;100,0;1;1;0;31;0,00;-;-;-;-;-;-;-;-
99274B3204701;Sykkelstamvegen Forus nord;EV39 S1000D65 m24;2026-06-05T15:00+02:00;2026-06-05T16:00+02:00;2026-06-05;15:00;16:00;Totalt;124;100,0;1;1;0;124;0,00;-;-;-;-;-;-;-;-
99274B3204701;Sykkelstamvegen Forus nord;EV39 S1000D65 m24;2026-06-05T16:00+02:00;2026-06-05T17:00+02:00;2026-06-05;16:00;17:00;1;46;100,0;1;1;0;46;0,00;-;-;-;-;-;-;-;-
99274B3204701;Sykkelstamvegen Forus nord;EV39 S1000D65 m24;2026-06-05T16:00+02:00;2026-06-05T17:00+02:00;2026-06-05;16:00;17:00;2;26;100,0;1;1;0;26;0,00;-;-;-;-;-;-;-;-
99274B3204701;Sykkelstamvegen Forus nord;EV39 S1000D65 m24;2026-06-05T16:00+02:00;2026-06-05T17:00+02:00;2026-06-05;16:00;17:00;Totalt i retning Sandnes;46;100,0;1;1;0;46;0,00;-;-;-;-;-;-;-;-
99274B3204701;Sykkelstamvegen Forus nord;EV39 S1000D65 m24;2026-06-05T16:00+02:00;2026-06-05T17:00+02:00;2026-06-05;16:00;17:00;Totalt i retning Stavanger;26;100,0;1;1;0;26;0,00;-;-;-;-;-;-;-;-
99274B3204701;Sykkelstamvegen Forus nord;EV39 S1000D65 m24;2026-06-05T16:00+02:00;2026-06-05T17:00+02:00;2026-06-05;16:00;17:00;Totalt;72;100,0;1;1;0;72;0,00;-;-;-;-;-;-;-;-
99274B3204701;Sykkelstamvegen Forus nord;EV39 S1000D65 m24;2026-06-05T17:00+02:00;2026-06-05T18:00+02:00;2026-06-05;17:00;18:00;1;21;100,0;1;1;0;21;0,00;-;-;-;-;-;-;-;-
99274B3204701;Sykkelstamvegen Forus nord;EV39 S1000D65 m24;2026-06-05T17:00+02:00;2026-06-05T18:00+02:00;2026-06-05;17:00;18:00;2;19;100,0;1;1;0;19;0,00;-;-;-;-;-;-;-;-
99274B3204701;Sykkelstamvegen Forus nord;EV39 S1000D65 m24;2026-06-05T17:00+02:00;2026-06-05T18:00+02:00;2026-06-05;17:00;18:00;Totalt i retning Sandnes;21;100,0;1;1;0;21;0,00;-;-;-;-;-;-;-;-
99274B3204701;Sykkelstamvegen Forus nord;EV39 S1000D65 m24;2026-06-05T17:00+02:00;2026-06-05T18:00+02:00;2026-06-05;17:00;18:00;Totalt i retning Stavanger;19;100,0;1;1;0;19;0,00;-;-;-;-;-;-;-;-
99274B3204701;Sykkelstamvegen Forus nord;EV39 S1000D65 m24;2026-06-05T17:00+02:00;2026-06-05T18:00+02:00;2026-06-05;17:00;18:00;Totalt;40;100,0;1;1;0;40;0,00;-;-;-;-;-;-;-;-
99274B3204701;Sykkelstamvegen Forus nord;EV39 S1000D65 m24;2026-06-05T18:00+02:00;2026-06-05T19:00+02:00;2026-06-05;18:00;19:00;1;16;100,0;1;1;0;16;0,00;-;-;-;-;-;-;-;-
99274B3204701;Sykkelstamvegen Forus nord;EV39 S1000D65 m24;2026-06-05T18:00+02:00;2026-06-05T19:00+02:00;2026-06-05;18:00;19:00;2;13;100,0;1;1;0;13;0,00;-;-;-;-;-;-;-;-
99274B3204701;Sykkelstamvegen Forus nord;EV39 S1000D65 m24;2026-06-05T18:00+02:00;2026-06-05T19:00+02:00;2026-06-05;18:00;19:00;Totalt i retning Sandnes;18;100,0;1;1;0;18;0,00;-;-;-;-;-;-;-;-
99274B3204701;Sykkelstamvegen Forus nord;EV39 S1000D65 m24;2026-06-05T18:00+02:00;2026-06-05T19:00+02:00;2026-06-05;18:00;19:00;Totalt i retning Stavanger;11;100,0;1;1;0;11;0,00;-;-;-;-;-;-;-;-
99274B3204701;Sykkelstamvegen Forus nord;EV39 S1000D65 m24;2026-06-05T18:00+02:00;2026-06-05T19:00+02:00;2026-06-05;18:00;19:00;Totalt;29;100,0;1;1;0;29;0,00;-;-;-;-;-;-;-;-
99274B3204701;Sykkelstamvegen Forus nord;EV39 S1000D65 m24;2026-06-05T19:00+02:00;2026-06-05T20:00+02:00;2026-06-05;19:00;20:00;1;9;100,0;1;1;0;9;0,00;-;-;-;-;-;-;-;-
99274B3204701;Sykkelstamvegen Forus nord;EV39 S1000D65 m24;2026-06-05T19:00+02:00;2026-06-05T20:00+02:00;2026-06-05;19:00;20:00;2;7;100,0;1;1;0;7;0,00;-;-;-;-;-;-;-;-
99274B3204701;Sykkelstamvegen Forus nord;EV39 S1000D65 m24;2026-06-05T19:00+02:00;2026-06-05T20:00+02:00;2026-06-05;19:00;20:00;Totalt i retning Sandnes;9;100,0;1;1;0;9;0,00;-;-;-;-;-;-;-;-
99274B3204701;Sykkelstamvegen Forus nord;EV39 S1000D65 m24;2026-06-05T19:00+02:00;2026-06-05T20:00+02:00;2026-06-05;19:00;20:00;Totalt i retning Stavanger;7;100,0;1;1;0;7;0,00;-;-;-;-;-;-;-;-
99274B3204701;Sykkelstamvegen Forus nord;EV39 S1000D65 m24;2026-06-05T19:00+02:00;2026-06-05T20:00+02:00;2026-06-05;19:00;20:00;Totalt;16;100,0;1;1;0;16;0,00;-;-;-;-;-;-;-;-
99274B3204701;Sykkelstamvegen Forus nord;EV39 S1000D65 m24;2026-06-05T20:00+02:00;2026-06-05T21:00+02:00;2026-06-05;20:00;21:00;1;4;100,0;1;1;0;4;0,00;-;-;-;-;-;-;-;-
99274B3204701;Sykkelstamvegen Forus nord;EV39 S1000D65 m24;2026-06-05T20:00+02:00;2026-06-05T21:00+02:00;2026-06-05;20:00;21:00;2;5;100,0;1;1;0;5;0,00;-;-;-;-;-;-;-;-
99274B3204701;Sykkelstamvegen Forus nord;EV39 S1000D65 m24;2026-06-05T20:00+02:00;2026-06-05T21:00+02:00;2026-06-05;20:00;21:00;Totalt i retning Sandnes;4;100,0;1;1;0;4;0,00;-;-;-;-;-;-;-;-
99274B3204701;Sykkelstamvegen Forus nord;EV39 S1000D65 m24;2026-06-05T20:00+02:00;2026-06-05T21:00+02:00;2026-06-05;20:00;21:00;Totalt i retning Stavanger;5;100,0;1;1;0;5;0,00;-;-;-;-;-;-;-;-
99274B3204701;Sykkelstamvegen Forus nord;EV39 S1000D65 m24;2026-06-05T20:00+02:00;2026-06-05T21:00+02:00;2026-06-05;20:00;21:00;Totalt;9;100,0;1;1;0;9;0,00;-;-;-;-;-;-;-;-
99274B3204701;Sykkelstamvegen Forus nord;EV39 S1000D65 m24;2026-06-05T21:00+02:00;2026-06-05T22:00+02:00;2026-06-05;21:00;22:00;1;3;100,0;1;1;0;3;0,00;-;-;-;-;-;-;-;-
99274B3204701;Sykkelstamvegen Forus nord;EV39 S1000D65 m24;2026-06-05T21:00+02:00;2026-06-05T22:00+02:00;2026-06-05;21:00;22:00;2;2;100,0;1;1;0;2;0,00;-;-;-;-;-;-;-;-
99274B3204701;Sykkelstamvegen Forus nord;EV39 S1000D65 m24;2026-06-05T21:00+02:00;2026-06-05T22:00+02:00;2026-06-05;21:00;22:00;Totalt i retning Sandnes;3;100,0;1;1;0;3;0,00;-;-;-;-;-;-;-;-
99274B3204701;Sykkelstamvegen Forus nord;EV39 S1000D65 m24;2026-06-05T21:00+02:00;2026-06-05T22:00+02:00;2026-06-05;21:00;22:00;Totalt i retning Stavanger;2;100,0;1;1;0;2;0,00;-;-;-;-;-;-;-;-
99274B3204701;Sykkelstamvegen Forus nord;EV39 S1000D65 m24;2026-06-05T21:00+02:00;2026-06-05T22:00+02:00;2026-06-05;21:00;22:00;Totalt;5;100,0;1;1;0;5;0,00;-;-;-;-;-;-;-;-
99274B3204701;Sykkelstamvegen Forus nord;EV39 S1000D65 m24;2026-06-05T22:00+02:00;2026-06-05T23:00+02:00;2026-06-05;22:00;23:00;1;6;100,0;1;1;0;6;0,00;-;-;-;-;-;-;-;-
99274B3204701;Sykkelstamvegen Forus nord;EV39 S1000D65 m24;2026-06-05T22:00+02:00;2026-06-05T23:00+02:00;2026-06-05;22:00;23:00;2;3;100,0;1;1;0;3;0,00;-;-;-;-;-;-;-;-
99274B3204701;Sykkelstamvegen Forus nord;EV39 S1000D65 m24;2026-06-05T22:00+02:00;2026-06-05T23:00+02:00;2026-06-05;22:00;23:00;Totalt i retning Sandnes;7;100,0;1;1;0;7;0,00;-;-;-;-;-;-;-;-
99274B3204701;Sykkelstamvegen Forus nord;EV39 S1000D65 m24;2026-06-05T22:00+02:00;2026-06-05T23:00+02:00;2026-06-05;22:00;23:00;Totalt i retning Stavanger;2;100,0;1;1;0;2;0,00;-;-;-;-;-;-;-;-
99274B3204701;Sykkelstamvegen Forus nord;EV39 S1000D65 m24;2026-06-05T22:00+02:00;2026-06-05T23:00+02:00;2026-06-05;22:00;23:00;Totalt;9;100,0;1;1;0;9;0,00;-;-;-;-;-;-;-;-
99274B3204701;Sykkelstamvegen Forus nord;EV39 S1000D65 m24;2026-06-05T23:00+02:00;2026-06-06T00:00+02:00;2026-06-05;23:00;00:00;1;3;100,0;1;1;0;3;0,00;-;-;-;-;-;-;-;-
99274B3204701;Sykkelstamvegen Forus nord;EV39 S1000D65 m24;2026-06-05T23:00+02:00;2026-06-06T00:00+02:00;2026-06-05;23:00;00:00;2;0;100,0;1;1;0;0;100,00;-;-;-;-;-;-;-;-
99274B3204701;Sykkelstamvegen Forus nord;EV39 S1000D65 m24;2026-06-05T23:00+02:00;2026-06-06T00:00+02:00;2026-06-05;23:00;00:00;Totalt i retning Sandnes;3;100,0;1;1;0;3;0,00;-;-;-;-;-;-;-;-
99274B3204701;Sykkelstamvegen Forus nord;EV39 S1000D65 m24;2026-06-05T23:00+02:00;2026-06-06T00:00+02:00;2026-06-05;23:00;00:00;Totalt i retning Stavanger;0;100,0;1;1;0;0;100,00;-;-;-;-;-;-;-;-
99274B3204701;Sykkelstamvegen Forus nord;EV39 S1000D65 m24;2026-06-05T23:00+02:00;2026-06-06T00:00+02:00;2026-06-05;23:00;00:00;Totalt;3;100,0;1;1;0;3;0,00;-;-;-;-;-;-;-;-
99274B3204701;Sykkelstamvegen Forus nord;EV39 S1000D65 m24;2026-06-06T00:00+02:00;2026-06-06T01:00+02:00;2026-06-06;00:00;01:00;1;0;100,0;1;1;0;0;100,00;-;-;-;-;-;-;-;-
99274B3204701;Sykkelstamvegen Forus nord;EV39 S1000D65 m24;2026-06-06T00:00+02:00;2026-06-06T01:00+02:00;2026-06-06;00:00;01:00;2;0;100,0;1;1;0;0;100,00;-;-;-;-;-;-;-;-
99274B3204701;Sykkelstamvegen Forus nord;EV39 S1000D65 m24;2026-06-06T00:00+02:00;2026-06-06T01:00+02:00;2026-06-06;00:00;01:00;Totalt i retning Sandnes;0;100,0;1;1;0;0;100,00;-;-;-;-;-;-;-;-
99274B3204701;Sykkelstamvegen Forus nord;EV39 S1000D65 m24;2026-06-06T00:00+02:00;2026-06-06T01:00+02:00;2026-06-06;00:00;01:00;Totalt i retning Stavanger;0;100,0;1;1;0;0;100,00;-;-;-;-;-;-;-;-
99274B3204701;Sykkelstamvegen Forus nord;EV39 S1000D65 m24;2026-06-06T00:00+02:00;2026-06-06T01:00+02:00;2026-06-06;00:00;01:00;Totalt;0;100,0;1;1;0;0;100,00;-;-;-;-;-;-;-;-
99274B3204701;Sykkelstamvegen Forus nord;EV39 S1000D65 m24;2026-06-06T01:00+02:00;2026-06-06T02:00+02:00;2026-06-06;01:00;02:00;1;1;100,0;1;1;0;1;0,00;-;-;-;-;-;-;-;-
99274B3204701;Sykkelstamvegen Forus nord;EV39 S1000D65 m24;2026-06-06T01:00+02:00;2026-06-06T02:00+02:00;2026-06-06;01:00;02:00;2;0;100,0;1;1;0;0;100,00;-;-;-;-;-;-;-;-
99274B3204701;Sykkelstamvegen Forus nord;EV39 S1000D65 m24;2026-06-06T01:00+02:00;2026-06-06T02:00+02:00;2026-06-06;01:00;02:00;Totalt i retning Sandnes;1;100,0;1;1;0;1;0,00;-;-;-;-;-;-;-;-
99274B3204701;Sykkelstamvegen Forus nord;EV39 S1000D65 m24;2026-06-06T01:00+02:00;2026-06-06T02:00+02:00;2026-06-06;01:00;02:00;Totalt i retning Stavanger;0;100,0;1;1;0;0;100,00;-;-;-;-;-;-;-;-
99274B3204701;Sykkelstamvegen Forus nord;EV39 S1000D65 m24;2026-06-06T01:00+02:00;2026-06-06T02:00+02:00;2026-06-06;01:00;02:00;Totalt;1;100,0;1;1;0;1;0,00;-;-;-;-;-;-;-;-
99274B3204701;Sykkelstamvegen Forus nord;EV39 S1000D65 m24;2026-06-06T02:00+02:00;2026-06-06T03:00+02:00;2026-06-06;02:00;03:00;1;0;100,0;1;1;0;0;100,00;-;-;-;-;-;-;-;-
99274B3204701;Sykkelstamvegen Forus nord;EV39 S1000D65 m24;2026-06-06T02:00+02:00;2026-06-06T03:00+02:00;2026-06-06;02:00;03:00;2;0;100,0;1;1;0;0;100,00;-;-;-;-;-;-;-;-
99274B3204701;Sykkelstamvegen Forus nord;EV39 S1000D65 m24;2026-06-06T02:00+02:00;2026-06-06T03:00+02:00;2026-06-06;02:00;03:00;Totalt i retning Sandnes;0;100,0;1;1;0;0;100,00;-;-;-;-;-;-;-;-
99274B3204701;Sykkelstamvegen Forus nord;EV39 S1000D65 m24;2026-06-06T02:00+02:00;2026-06-06T03:00+02:00;2026-06-06;02:00;03:00;Totalt i retning Stavanger;0;100,0;1;1;0;0;100,00;-;-;-;-;-;-;-;-
99274B3204701;Sykkelstamvegen Forus nord;EV39 S1000D65 m24;2026-06-06T02:00+02:00;2026-06-06T03:00+02:00;2026-06-06;02:00;03:00;Totalt;0;100,0;1;1;0;0;100,00;-;-;-;-;-;-;-;-
99274B3204701;Sykkelstamvegen Forus nord;EV39 S1000D65 m24;2026-06-06T03:00+02:00;2026-06-06T04:00+02:00;2026-06-06;03:00;04:00;1;0;100,0;1;1;0;0;100,00;-;-;-;-;-;-;-;-
99274B3204701;Sykkelstamvegen Forus nord;EV39 S1000D65 m24;2026-06-06T03:00+02:00;2026-06-06T04:00+02:00;2026-06-06;03:00;04:00;2;0;100,0;1;1;0;0;100,00;-;-;-;-;-;-;-;-
99274B3204701;Sykkelstamvegen Forus nord;EV39 S1000D65 m24;2026-06-06T03:00+02:00;2026-06-06T04:00+02:00;2026-06-06;03:00;04:00;Totalt i retning Sandnes;0;100,0;1;1;0;0;100,00;-;-;-;-;-;-;-;-
99274B3204701;Sykkelstamvegen Forus nord;EV39 S1000D65 m24;2026-06-06T03:00+02:00;2026-06-06T04:00+02:00;2026-06-06;03:00;04:00;Totalt i retning Stavanger;0;100,0;1;1;0;0;100,00;-;-;-;-;-;-;-;-
99274B3204701;Sykkelstamvegen Forus nord;EV39 S1000D65 m24;2026-06-06T03:00+02:00;2026-06-06T04:00+02:00;2026-06-06;03:00;04:00;Totalt;0;100,0;1;1;0;0;100,00;-;-;-;-;-;-;-;-
99274B3204701;Sykkelstamvegen Forus nord;EV39 S1000D65 m24;2026-06-06T04:00+02:00;2026-06-06T05:00+02:00;2026-06-06;04:00;05:00;1;0;100,0;1;1;0;0;100,00;-;-;-;-;-;-;-;-
99274B3204701;Sykkelstamvegen Forus nord;EV39 S1000D65 m24;2026-06-06T04:00+02:00;2026-06-06T05:00+02:00;2026-06-06;04:00;05:00;2;0;100,0;1;1;0;0;100,00;-;-;-;-;-;-;-;-
99274B3204701;Sykkelstamvegen Forus nord;EV39 S1000D65 m24;2026-06-06T04:00+02:00;2026-06-06T05:00+02:00;2026-06-06;04:00;05:00;Totalt i retning Sandnes;0;100,0;1;1;0;0;100,00;-;-;-;-;-;-;-;-
99274B3204701;Sykkelstamvegen Forus nord;EV39 S1000D65 m24;2026-06-06T04:00+02:00;2026-06-06T05:00+02:00;2026-06-06;04:00;05:00;Totalt i retning Stavanger;0;100,0;1;1;0;0;100,00;-;-;-;-;-;-;-;-
99274B3204701;Sykkelstamvegen Forus nord;EV39 S1000D65 m24;2026-06-06T04:00+02:00;2026-06-06T05:00+02:00;2026-06-06;04:00;05:00;Totalt;0;100,0;1;1;0;0;100,00;-;-;-;-;-;-;-;-
99274B3204701;Sykkelstamvegen Forus nord;EV39 S1000D65 m24;2026-06-06T05:00+02:00;2026-06-06T06:00+02:00;2026-06-06;05:00;06:00;1;1;100,0;1;1;0;1;0,00;-;-;-;-;-;-;-;-
99274B3204701;Sykkelstamvegen Forus nord;EV39 S1000D65 m24;2026-06-06T05:00+02:00;2026-06-06T06:00+02:00;2026-06-06;05:00;06:00;2;1;100,0;1;1;0;1;0,00;-;-;-;-;-;-;-;-
99274B3204701;Sykkelstamvegen Forus nord;EV39 S1000D65 m24;2026-06-06T05:00+02:00;2026-06-06T06:00+02:00;2026-06-06;05:00;06:00;Totalt i retning Sandnes;1;100,0;1;1;0;1;0,00;-;-;-;-;-;-;-;-
99274B3204701;Sykkelstamvegen Forus nord;EV39 S1000D65 m24;2026-06-06T05:00+02:00;2026-06-06T06:00+02:00;2026-06-06;05:00;06:00;Totalt i retning Stavanger;1;100,0;1;1;0;1;0,00;-;-;-;-;-;-;-;-
99274B3204701;Sykkelstamvegen Forus nord;EV39 S1000D65 m24;2026-06-06T05:00+02:00;2026-06-06T06:00+02:00;2026-06-06;05:00;06:00;Totalt;2;100,0;1;1;0;2;0,00;-;-;-;-;-;-;-;-
99274B3204701;Sykkelstamvegen Forus nord;EV39 S1000D65 m24;2026-06-06T06:00+02:00;2026-06-06T07:00+02:00;2026-06-06;06:00;07:00;1;1;100,0;1;1;0;1;0,00;-;-;-;-;-;-;-;-
99274B3204701;Sykkelstamvegen Forus nord;EV39 S1000D65 m24;2026-06-06T06:00+02:00;2026-06-06T07:00+02:00;2026-06-06;06:00;07:00;2;5;100,0;1;1;0;5;0,00;-;-;-;-;-;-;-;-
99274B3204701;Sykkelstamvegen Forus nord;EV39 S1000D65 m24;2026-06-06T06:00+02:00;2026-06-06T07:00+02:00;2026-06-06;06:00;07:00;Totalt i retning Sandnes;1;100,0;1;1;0;1;0,00;-;-;-;-;-;-;-;-
99274B3204701;Sykkelstamvegen Forus nord;EV39 S1000D65 m24;2026-06-06T06:00+02:00;2026-06-06T07:00+02:00;2026-06-06;06:00;07:00;Totalt i retning Stavanger;5;100,0;1;1;0;5;0,00;-;-;-;-;-;-;-;-
99274B3204701;Sykkelstamvegen Forus nord;EV39 S1000D65 m24;2026-06-06T06:00+02:00;2026-06-06T07:00+02:00;2026-06-06;06:00;07:00;Totalt;6;100,0;1;1;0;6;0,00;-;-;-;-;-;-;-;-
99274B3204701;Sykkelstamvegen Forus nord;EV39 S1000D65 m24;2026-06-06T07:00+02:00;2026-06-06T08:00+02:00;2026-06-06;07:00;08:00;1;2;100,0;1;1;0;2;0,00;-;-;-;-;-;-;-;-
99274B3204701;Sykkelstamvegen Forus nord;EV39 S1000D65 m24;2026-06-06T07:00+02:00;2026-06-06T08:00+02:00;2026-06-06;07:00;08:00;2;1;100,0;1;1;0;1;0,00;-;-;-;-;-;-;-;-
99274B3204701;Sykkelstamvegen Forus nord;EV39 S1000D65 m24;2026-06-06T07:00+02:00;2026-06-06T08:00+02:00;2026-06-06;07:00;08:00;Totalt i retning Sandnes;2;100,0;1;1;0;2;0,00;-;-;-;-;-;-;-;-
99274B3204701;Sykkelstamvegen Forus nord;EV39 S1000D65 m24;2026-06-06T07:00+02:00;2026-06-06T08:00+02:00;2026-06-06;07:00;08:00;Totalt i retning Stavanger;1;100,0;1;1;0;1;0,00;-;-;-;-;-;-;-;-
99274B3204701;Sykkelstamvegen Forus nord;EV39 S1000D65 m24;2026-06-06T07:00+02:00;2026-06-06T08:00+02:00;2026-06-06;07:00;08:00;Totalt;3;100,0;1;1;0;3;0,00;-;-;-;-;-;-;-;-
99274B3204701;Sykkelstamvegen Forus nord;EV39 S1000D65 m24;2026-06-06T08:00+02:00;2026-06-06T09:00+02:00;2026-06-06;08:00;09:00;1;17;100,0;1;1;0;17;0,00;-;-;-;-;-;-;-;-
99274B3204701;Sykkelstamvegen Forus nord;EV39 S1000D65 m24;2026-06-06T08:00+02:00;2026-06-06T09:00+02:00;2026-06-06;08:00;09:00;2;7;100,0;1;1;0;7;0,00;-;-;-;-;-;-;-;-
99274B3204701;Sykkelstamvegen Forus nord;EV39 S1000D65 m24;2026-06-06T08:00+02:00;2026-06-06T09:00+02:00;2026-06-06;08:00;09:00;Totalt i retning Sandnes;18;100,0;1;1;0;18;0,00;-;-;-;-;-;-;-;-
99274B3204701;Sykkelstamvegen Forus nord;EV39 S1000D65 m24;2026-06-06T08:00+02:00;2026-06-06T09:00+02:00;2026-06-06;08:00;09:00;Totalt i retning Stavanger;6;100,0;1;1;0;6;0,00;-;-;-;-;-;-;-;-
99274B3204701;Sykkelstamvegen Forus nord;EV39 S1000D65 m24;2026-06-06T08:00+02:00;2026-06-06T09:00+02:00;2026-06-06;08:00;09:00;Totalt;24;100,0;1;1;0;24;0,00;-;-;-;-;-;-;-;-
99274B3204701;Sykkelstamvegen Forus nord;EV39 S1000D65 m24;2026-06-06T09:00+02:00;2026-06-06T10:00+02:00;2026-06-06;09:00;10:00;1;18;100,0;1;1;0;18;0,00;-;-;-;-;-;-;-;-
99274B3204701;Sykkelstamvegen Forus nord;EV39 S1000D65 m24;2026-06-06T09:00+02:00;2026-06-06T10:00+02:00;2026-06-06;09:00;10:00;2;12;100,0;1;1;0;12;0,00;-;-;-;-;-;-;-;-
99274B3204701;Sykkelstamvegen Forus nord;EV39 S1000D65 m24;2026-06-06T09:00+02:00;2026-06-06T10:00+02:00;2026-06-06;09:00;10:00;Totalt i retning Sandnes;18;100,0;1;1;0;18;0,00;-;-;-;-;-;-;-;-
99274B3204701;Sykkelstamvegen Forus nord;EV39 S1000D65 m24;2026-06-06T09:00+02:00;2026-06-06T10:00+02:00;2026-06-06;09:00;10:00;Totalt i retning Stavanger;12;100,0;1;1;0;12;0,00;-;-;-;-;-;-;-;-
99274B3204701;Sykkelstamvegen Forus nord;EV39 S1000D65 m24;2026-06-06T09:00+02:00;2026-06-06T10:00+02:00;2026-06-06;09:00;10:00;Totalt;30;100,0;1;1;0;30;0,00;-;-;-;-;-;-;-;-
99274B3204701;Sykkelstamvegen Forus nord;EV39 S1000D65 m24;2026-06-06T10:00+02:00;2026-06-06T11:00+02:00;2026-06-06;10:00;11:00;1;50;100,0;1;1;0;50;0,00;-;-;-;-;-;-;-;-
99274B3204701;Sykkelstamvegen Forus nord;EV39 S1000D65 m24;2026-06-06T10:00+02:00;2026-06-06T11:00+02:00;2026-06-06;10:00;11:00;2;25;100,0;1;1;0;25;0,00;-;-;-;-;-;-;-;-
99274B3204701;Sykkelstamvegen Forus nord;EV39 S1000D65 m24;2026-06-06T10:00+02:00;2026-06-06T11:00+02:00;2026-06-06;10:00;11:00;Totalt i retning Sandnes;51;100,0;1;1;0;51;0,00;-;-;-;-;-;-;-;-
99274B3204701;Sykkelstamvegen Forus nord;EV39 S1000D65 m24;2026-06-06T10:00+02:00;2026-06-06T11:00+02:00;2026-06-06;10:00;11:00;Totalt i retning Stavanger;24;100,0;1;1;0;24;0,00;-;-;-;-;-;-;-;-
99274B3204701;Sykkelstamvegen Forus nord;EV39 S1000D65 m24;2026-06-06T10:00+02:00;2026-06-06T11:00+02:00;2026-06-06;10:00;11:00;Totalt;75;100,0;1;1;0;75;0,00;-;-;-;-;-;-;-;-
99274B3204701;Sykkelstamvegen Forus nord;EV39 S1000D65 m24;2026-06-06T11:00+02:00;2026-06-06T12:00+02:00;2026-06-06;11:00;12:00;1;30;100,0;1;1;0;30;0,00;-;-;-;-;-;-;-;-
99274B3204701;Sykkelstamvegen Forus nord;EV39 S1000D65 m24;2026-06-06T11:00+02:00;2026-06-06T12:00+02:00;2026-06-06;11:00;12:00;2;32;100,0;1;1;0;32;0,00;-;-;-;-;-;-;-;-
99274B3204701;Sykkelstamvegen Forus nord;EV39 S1000D65 m24;2026-06-06T11:00+02:00;2026-06-06T12:00+02:00;2026-06-06;11:00;12:00;Totalt i retning Sandnes;30;100,0;1;1;0;30;0,00;-;-;-;-;-;-;-;-
99274B3204701;Sykkelstamvegen Forus nord;EV39 S1000D65 m24;2026-06-06T11:00+02:00;2026-06-06T12:00+02:00;2026-06-06;11:00;12:00;Totalt i retning Stavanger;32;100,0;1;1;0;32;0,00;-;-;-;-;-;-;-;-
99274B3204701;Sykkelstamvegen Forus nord;EV39 S1000D65 m24;2026-06-06T11:00+02:00;2026-06-06T12:00+02:00;2026-06-06;11:00;12:00;Totalt;62;100,0;1;1;0;62;0,00;-;-;-;-;-;-;-;-
99274B3204701;Sykkelstamvegen Forus nord;EV39 S1000D65 m24;2026-06-06T12:00+02:00;2026-06-06T13:00+02:00;2026-06-06;12:00;13:00;1;32;100,0;1;1;0;32;0,00;-;-;-;-;-;-;-;-
99274B3204701;Sykkelstamvegen Forus nord;EV39 S1000D65 m24;2026-06-06T12:00+02:00;2026-06-06T13:00+02:00;2026-06-06;12:00;13:00;2;53;100,0;1;1;0;53;0,00;-;-;-;-;-;-;-;-
99274B3204701;Sykkelstamvegen Forus nord;EV39 S1000D65 m24;2026-06-06T12:00+02:00;2026-06-06T13:00+02:00;2026-06-06;12:00;13:00;Totalt i retning Sandnes;31;100,0;1;1;0;31;0,00;-;-;-;-;-;-;-;-
99274B3204701;Sykkelstamvegen Forus nord;EV39 S1000D65 m24;2026-06-06T12:00+02:00;2026-06-06T13:00+02:00;2026-06-06;12:00;13:00;Totalt i retning Stavanger;54;100,0;1;1;0;54;0,00;-;-;-;-;-;-;-;-
99274B3204701;Sykkelstamvegen Forus nord;EV39 S1000D65 m24;2026-06-06T12:00+02:00;2026-06-06T13:00+02:00;2026-06-06;12:00;13:00;Totalt;85;100,0;1;1;0;85;0,00;-;-;-;-;-;-;-;-
99274B3204701;Sykkelstamvegen Forus nord;EV39 S1000D65 m24;2026-06-06T13:00+02:00;2026-06-06T14:00+02:00;2026-06-06;13:00;14:00;1;30;100,0;1;1;0;30;0,00;-;-;-;-;-;-;-;-
99274B3204701;Sykkelstamvegen Forus nord;EV39 S1000D65 m24;2026-06-06T13:00+02:00;2026-06-06T14:00+02:00;2026-06-06;13:00;14:00;2;46;100,0;1;1;0;46;0,00;-;-;-;-;-;-;-;-
99274B3204701;Sykkelstamvegen Forus nord;EV39 S1000D65 m24;2026-06-06T13:00+02:00;2026-06-06T14:00+02:00;2026-06-06;13:00;14:00;Totalt i retning Sandnes;30;100,0;1;1;0;30;0,00;-;-;-;-;-;-;-;-
99274B3204701;Sykkelstamvegen Forus nord;EV39 S1000D65 m24;2026-06-06T13:00+02:00;2026-06-06T14:00+02:00;2026-06-06;13:00;14:00;Totalt i retning Stavanger;46;100,0;1;1;0;46;0,00;-;-;-;-;-;-;-;-
99274B3204701;Sykkelstamvegen Forus nord;EV39 S1000D65 m24;2026-06-06T13:00+02:00;2026-06-06T14:00+02:00;2026-06-06;13:00;14:00;Totalt;76;100,0;1;1;0;76;0,00;-;-;-;-;-;-;-;-
99274B3204701;Sykkelstamvegen Forus nord;EV39 S1000D65 m24;2026-06-06T14:00+02:00;2026-06-06T15:00+02:00;2026-06-06;14:00;15:00;1;27;100,0;1;1;0;27;0,00;-;-;-;-;-;-;-;-
99274B3204701;Sykkelstamvegen Forus nord;EV39 S1000D65 m24;2026-06-06T14:00+02:00;2026-06-06T15:00+02:00;2026-06-06;14:00;15:00;2;41;100,0;1;1;0;41;0,00;-;-;-;-;-;-;-;-
99274B3204701;Sykkelstamvegen Forus nord;EV39 S1000D65 m24;2026-06-06T14:00+02:00;2026-06-06T15:00+02:00;2026-06-06;14:00;15:00;Totalt i retning Sandnes;27;100,0;1;1;0;27;0,00;-;-;-;-;-;-;-;-
99274B3204701;Sykkelstamvegen Forus nord;EV39 S1000D65 m24;2026-06-06T14:00+02:00;2026-06-06T15:00+02:00;2026-06-06;14:00;15:00;Totalt i retning Stavanger;41;100,0;1;1;0;41;0,00;-;-;-;-;-;-;-;-
99274B3204701;Sykkelstamvegen Forus nord;EV39 S1000D65 m24;2026-06-06T14:00+02:00;2026-06-06T15:00+02:00;2026-06-06;14:00;15:00;Totalt;68;100,0;1;1;0;68;0,00;-;-;-;-;-;-;-;-
99274B3204701;Sykkelstamvegen Forus nord;EV39 S1000D65 m24;2026-06-06T15:00+02:00;2026-06-06T16:00+02:00;2026-06-06;15:00;16:00;1;30;100,0;1;1;0;30;0,00;-;-;-;-;-;-;-;-
99274B3204701;Sykkelstamvegen Forus nord;EV39 S1000D65 m24;2026-06-06T15:00+02:00;2026-06-06T16:00+02:00;2026-06-06;15:00;16:00;2;32;100,0;1;1;0;32;0,00;-;-;-;-;-;-;-;-
99274B3204701;Sykkelstamvegen Forus nord;EV39 S1000D65 m24;2026-06-06T15:00+02:00;2026-06-06T16:00+02:00;2026-06-06;15:00;16:00;Totalt i retning Sandnes;29;100,0;1;1;0;29;0,00;-;-;-;-;-;-;-;-
99274B3204701;Sykkelstamvegen Forus nord;EV39 S1000D65 m24;2026-06-06T15:00+02:00;2026-06-06T16:00+02:00;2026-06-06;15:00;16:00;Totalt i retning Stavanger;33;100,0;1;1;0;33;0,00;-;-;-;-;-;-;-;-
99274B3204701;Sykkelstamvegen Forus nord;EV39 S1000D65 m24;2026-06-06T15:00+02:00;2026-06-06T16:00+02:00;2026-06-06;15:00;16:00;Totalt;62;100,0;1;1;0;62;0,00;-;-;-;-;-;-;-;-
99274B3204701;Sykkelstamvegen Forus nord;EV39 S1000D65 m24;2026-06-06T16:00+02:00;2026-06-06T17:00+02:00;2026-06-06;16:00;17:00;1;21;100,0;1;1;0;21;0,00;-;-;-;-;-;-;-;-
99274B3204701;Sykkelstamvegen Forus nord;EV39 S1000D65 m24;2026-06-06T16:00+02:00;2026-06-06T17:00+02:00;2026-06-06;16:00;17:00;2;33;100,0;1;1;0;33;0,00;-;-;-;-;-;-;-;-
99274B3204701;Sykkelstamvegen Forus nord;EV39 S1000D65 m24;2026-06-06T16:00+02:00;2026-06-06T17:00+02:00;2026-06-06;16:00;17:00;Totalt i retning Sandnes;20;100,0;1;1;0;20;0,00;-;-;-;-;-;-;-;-
99274B3204701;Sykkelstamvegen Forus nord;EV39 S1000D65 m24;2026-06-06T16:00+02:00;2026-06-06T17:00+02:00;2026-06-06;16:00;17:00;Totalt i retning Stavanger;34;100,0;1;1;0;34;0,00;-;-;-;-;-;-;-;-
99274B3204701;Sykkelstamvegen Forus nord;EV39 S1000D65 m24;2026-06-06T16:00+02:00;2026-06-06T17:00+02:00;2026-06-06;16:00;17:00;Totalt;54;100,0;1;1;0;54;0,00;-;-;-;-;-;-;-;-
99274B3204701;Sykkelstamvegen Forus nord;EV39 S1000D65 m24;2026-06-06T17:00+02:00;2026-06-06T18:00+02:00;2026-06-06;17:00;18:00;1;9;100,0;1;1;0;9;0,00;-;-;-;-;-;-;-;-
99274B3204701;Sykkelstamvegen Forus nord;EV39 S1000D65 m24;2026-06-06T17:00+02:00;2026-06-06T18:00+02:00;2026-06-06;17:00;18:00;2;15;100,0;1;1;0;15;0,00;-;-;-;-;-;-;-;-
99274B3204701;Sykkelstamvegen Forus nord;EV39 S1000D65 m24;2026-06-06T17:00+02:00;2026-06-06T18:00+02:00;2026-06-06;17:00;18:00;Totalt i retning Sandnes;10;100,0;1;1;0;10;0,00;-;-;-;-;-;-;-;-
99274B3204701;Sykkelstamvegen Forus nord;EV39 S1000D65 m24;2026-06-06T17:00+02:00;2026-06-06T18:00+02:00;2026-06-06;17:00;18:00;Totalt i retning Stavanger;14;100,0;1;1;0;14;0,00;-;-;-;-;-;-;-;-
99274B3204701;Sykkelstamvegen Forus nord;EV39 S1000D65 m24;2026-06-06T17:00+02:00;2026-06-06T18:00+02:00;2026-06-06;17:00;18:00;Totalt;24;100,0;1;1;0;24;0,00;-;-;-;-;-;-;-;-
99274B3204701;Sykkelstamvegen Forus nord;EV39 S1000D65 m24;2026-06-06T18:00+02:00;2026-06-06T19:00+02:00;2026-06-06;18:00;19:00;1;20;100,0;1;1;0;20;0,00;-;-;-;-;-;-;-;-
99274B3204701;Sykkelstamvegen Forus nord;EV39 S1000D65 m24;2026-06-06T18:00+02:00;2026-06-06T19:00+02:00;2026-06-06;18:00;19:00;2;23;100,0;1;1;0;23;0,00;-;-;-;-;-;-;-;-
99274B3204701;Sykkelstamvegen Forus nord;EV39 S1000D65 m24;2026-06-06T18:00+02:00;2026-06-06T19:00+02:00;2026-06-06;18:00;19:00;Totalt i retning Sandnes;20;100,0;1;1;0;20;0,00;-;-;-;-;-;-;-;-
99274B3204701;Sykkelstamvegen Forus nord;EV39 S1000D65 m24;2026-06-06T18:00+02:00;2026-06-06T19:00+02:00;2026-06-06;18:00;19:00;Totalt i retning Stavanger;23;100,0;1;1;0;23;0,00;-;-;-;-;-;-;-;-
99274B3204701;Sykkelstamvegen Forus nord;EV39 S1000D65 m24;2026-06-06T18:00+02:00;2026-06-06T19:00+02:00;2026-06-06;18:00;19:00;Totalt;43;100,0;1;1;0;43;0,00;-;-;-;-;-;-;-;-
99274B3204701;Sykkelstamvegen Forus nord;EV39 S1000D65 m24;2026-06-06T19:00+02:00;2026-06-06T20:00+02:00;2026-06-06;19:00;20:00;1;13;100,0;1;1;0;13;0,00;-;-;-;-;-;-;-;-
99274B3204701;Sykkelstamvegen Forus nord;EV39 S1000D65 m24;2026-06-06T19:00+02:00;2026-06-06T20:00+02:00;2026-06-06;19:00;20:00;2;9;100,0;1;1;0;9;0,00;-;-;-;-;-;-;-;-
99274B3204701;Sykkelstamvegen Forus nord;EV39 S1000D65 m24;2026-06-06T19:00+02:00;2026-06-06T20:00+02:00;2026-06-06;19:00;20:00;Totalt i retning Sandnes;14;100,0;1;1;0;14;0,00;-;-;-;-;-;-;-;-
99274B3204701;Sykkelstamvegen Forus nord;EV39 S1000D65 m24;2026-06-06T19:00+02:00;2026-06-06T20:00+02:00;2026-06-06;19:00;20:00;Totalt i retning Stavanger;8;100,0;1;1;0;8;0,00;-;-;-;-;-;-;-;-
99274B3204701;Sykkelstamvegen Forus nord;EV39 S1000D65 m24;2026-06-06T19:00+02:00;2026-06-06T20:00+02:00;2026-06-06;19:00;20:00;Totalt;22;100,0;1;1;0;22;0,00;-;-;-;-;-;-;-;-
99274B3204701;Sykkelstamvegen Forus nord;EV39 S1000D65 m24;2026-06-06T20:00+02:00;2026-06-06T21:00+02:00;2026-06-06;20:00;21:00;1;5;100,0;1;1;0;5;0,00;-;-;-;-;-;-;-;-
99274B3204701;Sykkelstamvegen Forus nord;EV39 S1000D65 m24;2026-06-06T20:00+02:00;2026-06-06T21:00+02:00;2026-06-06;20:00;21:00;2;3;100,0;1;1;0;3;0,00;-;-;-;-;-;-;-;-
99274B3204701;Sykkelstamvegen Forus nord;EV39 S1000D65 m24;2026-06-06T20:00+02:00;2026-06-06T21:00+02:00;2026-06-06;20:00;21:00;Totalt i retning Sandnes;5;100,0;1;1;0;5;0,00;-;-;-;-;-;-;-;-
99274B3204701;Sykkelstamvegen Forus nord;EV39 S1000D65 m24;2026-06-06T20:00+02:00;2026-06-06T21:00+02:00;2026-06-06;20:00;21:00;Totalt i retning Stavanger;3;100,0;1;1;0;3;0,00;-;-;-;-;-;-;-;-
99274B3204701;Sykkelstamvegen Forus nord;EV39 S1000D65 m24;2026-06-06T20:00+02:00;2026-06-06T21:00+02:00;2026-06-06;20:00;21:00;Totalt;8;100,0;1;1;0;8;0,00;-;-;-;-;-;-;-;-
99274B3204701;Sykkelstamvegen Forus nord;EV39 S1000D65 m24;2026-06-06T21:00+02:00;2026-06-06T22:00+02:00;2026-06-06;21:00;22:00;1;9;100,0;1;1;0;9;0,00;-;-;-;-;-;-;-;-
99274B3204701;Sykkelstamvegen Forus nord;EV39 S1000D65 m24;2026-06-06T21:00+02:00;2026-06-06T22:00+02:00;2026-06-06;21:00;22:00;2;1;100,0;1;1;0;1;0,00;-;-;-;-;-;-;-;-
99274B3204701;Sykkelstamvegen Forus nord;EV39 S1000D65 m24;2026-06-06T21:00+02:00;2026-06-06T22:00+02:00;2026-06-06;21:00;22:00;Totalt i retning Sandnes;9;100,0;1;1;0;9;0,00;-;-;-;-;-;-;-;-
99274B3204701;Sykkelstamvegen Forus nord;EV39 S1000D65 m24;2026-06-06T21:00+02:00;2026-06-06T22:00+02:00;2026-06-06;21:00;22:00;Totalt i retning Stavanger;1;100,0;1;1;0;1;0,00;-;-;-;-;-;-;-;-
99274B3204701;Sykkelstamvegen Forus nord;EV39 S1000D65 m24;2026-06-06T21:00+02:00;2026-06-06T22:00+02:00;2026-06-06;21:00;22:00;Totalt;10;100,0;1;1;0;10;0,00;-;-;-;-;-;-;-;-
99274B3204701;Sykkelstamvegen Forus nord;EV39 S1000D65 m24;2026-06-06T22:00+02:00;2026-06-06T23:00+02:00;2026-06-06;22:00;23:00;1;5;100,0;1;1;0;5;0,00;-;-;-;-;-;-;-;-
99274B3204701;Sykkelstamvegen Forus nord;EV39 S1000D65 m24;2026-06-06T22:00+02:00;2026-06-06T23:00+02:00;2026-06-06;22:00;23:00;2;0;100,0;1;1;0;0;100,00;-;-;-;-;-;-;-;-
99274B3204701;Sykkelstamvegen Forus nord;EV39 S1000D65 m24;2026-06-06T22:00+02:00;2026-06-06T23:00+02:00;2026-06-06;22:00;23:00;Totalt i retning Sandnes;5;100,0;1;1;0;5;0,00;-;-;-;-;-;-;-;-
99274B3204701;Sykkelstamvegen Forus nord;EV39 S1000D65 m24;2026-06-06T22:00+02:00;2026-06-06T23:00+02:00;2026-06-06;22:00;23:00;Totalt i retning Stavanger;0;100,0;1;1;0;0;100,00;-;-;-;-;-;-;-;-
99274B3204701;Sykkelstamvegen Forus nord;EV39 S1000D65 m24;2026-06-06T22:00+02:00;2026-06-06T23:00+02:00;2026-06-06;22:00;23:00;Totalt;5;100,0;1;1;0;5;0,00;-;-;-;-;-;-;-;-
99274B3204701;Sykkelstamvegen Forus nord;EV39 S1000D65 m24;2026-06-06T23:00+02:00;2026-06-07T00:00+02:00;2026-06-06;23:00;00:00;1;5;100,0;1;1;0;5;0,00;-;-;-;-;-;-;-;-
99274B3204701;Sykkelstamvegen Forus nord;EV39 S1000D65 m24;2026-06-06T23:00+02:00;2026-06-07T00:00+02:00;2026-06-06;23:00;00:00;2;1;100,0;1;1;0;1;0,00;-;-;-;-;-;-;-;-
99274B3204701;Sykkelstamvegen Forus nord;EV39 S1000D65 m24;2026-06-06T23:00+02:00;2026-06-07T00:00+02:00;2026-06-06;23:00;00:00;Totalt i retning Sandnes;4;100,0;1;1;0;4;0,00;-;-;-;-;-;-;-;-
99274B3204701;Sykkelstamvegen Forus nord;EV39 S1000D65 m24;2026-06-06T23:00+02:00;2026-06-07T00:00+02:00;2026-06-06;23:00;00:00;Totalt i retning Stavanger;2;100,0;1;1;0;2;0,00;-;-;-;-;-;-;-;-
99274B3204701;Sykkelstamvegen Forus nord;EV39 S1000D65 m24;2026-06-06T23:00+02:00;2026-06-07T00:00+02:00;2026-06-06;23:00;00:00;Totalt;6;100,0;1;1;0;6;0,00;-;-;-;-;-;-;-;-
99274B3204701;Sykkelstamvegen Forus nord;EV39 S1000D65 m24;2026-06-07T00:00+02:00;2026-06-07T01:00+02:00;2026-06-07;00:00;01:00;1;1;100,0;1;1;0;1;0,00;-;-;-;-;-;-;-;-
99274B3204701;Sykkelstamvegen Forus nord;EV39 S1000D65 m24;2026-06-07T00:00+02:00;2026-06-07T01:00+02:00;2026-06-07;00:00;01:00;2;2;100,0;1;1;0;2;0,00;-;-;-;-;-;-;-;-
99274B3204701;Sykkelstamvegen Forus nord;EV39 S1000D65 m24;2026-06-07T00:00+02:00;2026-06-07T01:00+02:00;2026-06-07;00:00;01:00;Totalt i retning Sandnes;1;100,0;1;1;0;1;0,00;-;-;-;-;-;-;-;-
99274B3204701;Sykkelstamvegen Forus nord;EV39 S1000D65 m24;2026-06-07T00:00+02:00;2026-06-07T01:00+02:00;2026-06-07;00:00;01:00;Totalt i retning Stavanger;2;100,0;1;1;0;2;0,00;-;-;-;-;-;-;-;-
99274B3204701;Sykkelstamvegen Forus nord;EV39 S1000D65 m24;2026-06-07T00:00+02:00;2026-06-07T01:00+02:00;2026-06-07;00:00;01:00;Totalt;3;100,0;1;1;0;3;0,00;-;-;-;-;-;-;-;-
99274B3204701;Sykkelstamvegen Forus nord;EV39 S1000D65 m24;2026-06-07T01:00+02:00;2026-06-07T02:00+02:00;2026-06-07;01:00;02:00;1;0;100,0;1;1;0;0;100,00;-;-;-;-;-;-;-;-
99274B3204701;Sykkelstamvegen Forus nord;EV39 S1000D65 m24;2026-06-07T01:00+02:00;2026-06-07T02:00+02:00;2026-06-07;01:00;02:00;2;1;100,0;1;1;0;1;0,00;-;-;-;-;-;-;-;-
99274B3204701;Sykkelstamvegen Forus nord;EV39 S1000D65 m24;2026-06-07T01:00+02:00;2026-06-07T02:00+02:00;2026-06-07;01:00;02:00;Totalt i retning Sandnes;0;100,0;1;1;0;0;100,00;-;-;-;-;-;-;-;-
99274B3204701;Sykkelstamvegen Forus nord;EV39 S1000D65 m24;2026-06-07T01:00+02:00;2026-06-07T02:00+02:00;2026-06-07;01:00;02:00;Totalt i retning Stavanger;1;100,0;1;1;0;1;0,00;-;-;-;-;-;-;-;-
99274B3204701;Sykkelstamvegen Forus nord;EV39 S1000D65 m24;2026-06-07T01:00+02:00;2026-06-07T02:00+02:00;2026-06-07;01:00;02:00;Totalt;1;100,0;1;1;0;1;0,00;-;-;-;-;-;-;-;-
99274B3204701;Sykkelstamvegen Forus nord;EV39 S1000D65 m24;2026-06-07T02:00+02:00;2026-06-07T03:00+02:00;2026-06-07;02:00;03:00;1;1;100,0;1;1;0;1;0,00;-;-;-;-;-;-;-;-
99274B3204701;Sykkelstamvegen Forus nord;EV39 S1000D65 m24;2026-06-07T02:00+02:00;2026-06-07T03:00+02:00;2026-06-07;02:00;03:00;2;0;100,0;1;1;0;0;100,00;-;-;-;-;-;-;-;-
99274B3204701;Sykkelstamvegen Forus nord;EV39 S1000D65 m24;2026-06-07T02:00+02:00;2026-06-07T03:00+02:00;2026-06-07;02:00;03:00;Totalt i retning Sandnes;1;100,0;1;1;0;1;0,00;-;-;-;-;-;-;-;-
99274B3204701;Sykkelstamvegen Forus nord;EV39 S1000D65 m24;2026-06-07T02:00+02:00;2026-06-07T03:00+02:00;2026-06-07;02:00;03:00;Totalt i retning Stavanger;0;100,0;1;1;0;0;100,00;-;-;-;-;-;-;-;-
99274B3204701;Sykkelstamvegen Forus nord;EV39 S1000D65 m24;2026-06-07T02:00+02:00;2026-06-07T03:00+02:00;2026-06-07;02:00;03:00;Totalt;1;100,0;1;1;0;1;0,00;-;-;-;-;-;-;-;-
99274B3204701;Sykkelstamvegen Forus nord;EV39 S1000D65 m24;2026-06-07T03:00+02:00;2026-06-07T04:00+02:00;2026-06-07;03:00;04:00;1;0;100,0;1;1;0;0;100,00;-;-;-;-;-;-;-;-
99274B3204701;Sykkelstamvegen Forus nord;EV39 S1000D65 m24;2026-06-07T03:00+02:00;2026-06-07T04:00+02:00;2026-06-07;03:00;04:00;2;1;100,0;1;1;0;1;0,00;-;-;-;-;-;-;-;-
99274B3204701;Sykkelstamvegen Forus nord;EV39 S1000D65 m24;2026-06-07T03:00+02:00;2026-06-07T04:00+02:00;2026-06-07;03:00;04:00;Totalt i retning Sandnes;0;100,0;1;1;0;0;100,00;-;-;-;-;-;-;-;-
99274B3204701;Sykkelstamvegen Forus nord;EV39 S1000D65 m24;2026-06-07T03:00+02:00;2026-06-07T04:00+02:00;2026-06-07;03:00;04:00;Totalt i retning Stavanger;1;100,0;1;1;0;1;0,00;-;-;-;-;-;-;-;-
99274B3204701;Sykkelstamvegen Forus nord;EV39 S1000D65 m24;2026-06-07T03:00+02:00;2026-06-07T04:00+02:00;2026-06-07;03:00;04:00;Totalt;1;100,0;1;1;0;1;0,00;-;-;-;-;-;-;-;-
99274B3204701;Sykkelstamvegen Forus nord;EV39 S1000D65 m24;2026-06-07T04:00+02:00;2026-06-07T05:00+02:00;2026-06-07;04:00;05:00;1;0;100,0;1;1;0;0;100,00;-;-;-;-;-;-;-;-
99274B3204701;Sykkelstamvegen Forus nord;EV39 S1000D65 m24;2026-06-07T04:00+02:00;2026-06-07T05:00+02:00;2026-06-07;04:00;05:00;2;0;100,0;1;1;0;0;100,00;-;-;-;-;-;-;-;-
99274B3204701;Sykkelstamvegen Forus nord;EV39 S1000D65 m24;2026-06-07T04:00+02:00;2026-06-07T05:00+02:00;2026-06-07;04:00;05:00;Totalt i retning Sandnes;0;100,0;1;1;0;0;100,00;-;-;-;-;-;-;-;-
99274B3204701;Sykkelstamvegen Forus nord;EV39 S1000D65 m24;2026-06-07T04:00+02:00;2026-06-07T05:00+02:00;2026-06-07;04:00;05:00;Totalt i retning Stavanger;0;100,0;1;1;0;0;100,00;-;-;-;-;-;-;-;-
99274B3204701;Sykkelstamvegen Forus nord;EV39 S1000D65 m24;2026-06-07T04:00+02:00;2026-06-07T05:00+02:00;2026-06-07;04:00;05:00;Totalt;0;100,0;1;1;0;0;100,00;-;-;-;-;-;-;-;-
99274B3204701;Sykkelstamvegen Forus nord;EV39 S1000D65 m24;2026-06-07T05:00+02:00;2026-06-07T06:00+02:00;2026-06-07;05:00;06:00;1;0;100,0;1;1;0;0;100,00;-;-;-;-;-;-;-;-
99274B3204701;Sykkelstamvegen Forus nord;EV39 S1000D65 m24;2026-06-07T05:00+02:00;2026-06-07T06:00+02:00;2026-06-07;05:00;06:00;2;1;100,0;1;1;0;1;0,00;-;-;-;-;-;-;-;-
99274B3204701;Sykkelstamvegen Forus nord;EV39 S1000D65 m24;2026-06-07T05:00+02:00;2026-06-07T06:00+02:00;2026-06-07;05:00;06:00;Totalt i retning Sandnes;0;100,0;1;1;0;0;100,00;-;-;-;-;-;-;-;-
99274B3204701;Sykkelstamvegen Forus nord;EV39 S1000D65 m24;2026-06-07T05:00+02:00;2026-06-07T06:00+02:00;2026-06-07;05:00;06:00;Totalt i retning Stavanger;1;100,0;1;1;0;1;0,00;-;-;-;-;-;-;-;-
99274B3204701;Sykkelstamvegen Forus nord;EV39 S1000D65 m24;2026-06-07T05:00+02:00;2026-06-07T06:00+02:00;2026-06-07;05:00;06:00;Totalt;1;100,0;1;1;0;1;0,00;-;-;-;-;-;-;-;-
99274B3204701;Sykkelstamvegen Forus nord;EV39 S1000D65 m24;2026-06-07T06:00+02:00;2026-06-07T07:00+02:00;2026-06-07;06:00;07:00;1;0;100,0;1;1;0;0;100,00;-;-;-;-;-;-;-;-
99274B3204701;Sykkelstamvegen Forus nord;EV39 S1000D65 m24;2026-06-07T06:00+02:00;2026-06-07T07:00+02:00;2026-06-07;06:00;07:00;2;5;100,0;1;1;0;5;0,00;-;-;-;-;-;-;-;-
99274B3204701;Sykkelstamvegen Forus nord;EV39 S1000D65 m24;2026-06-07T06:00+02:00;2026-06-07T07:00+02:00;2026-06-07;06:00;07:00;Totalt i retning Sandnes;0;100,0;1;1;0;0;100,00;-;-;-;-;-;-;-;-
99274B3204701;Sykkelstamvegen Forus nord;EV39 S1000D65 m24;2026-06-07T06:00+02:00;2026-06-07T07:00+02:00;2026-06-07;06:00;07:00;Totalt i retning Stavanger;5;100,0;1;1;0;5;0,00;-;-;-;-;-;-;-;-
99274B3204701;Sykkelstamvegen Forus nord;EV39 S1000D65 m24;2026-06-07T06:00+02:00;2026-06-07T07:00+02:00;2026-06-07;06:00;07:00;Totalt;5;100,0;1;1;0;5;0,00;-;-;-;-;-;-;-;-
99274B3204701;Sykkelstamvegen Forus nord;EV39 S1000D65 m24;2026-06-07T07:00+02:00;2026-06-07T08:00+02:00;2026-06-07;07:00;08:00;1;3;100,0;1;1;0;3;0,00;-;-;-;-;-;-;-;-
99274B3204701;Sykkelstamvegen Forus nord;EV39 S1000D65 m24;2026-06-07T07:00+02:00;2026-06-07T08:00+02:00;2026-06-07;07:00;08:00;2;0;100,0;1;1;0;0;100,00;-;-;-;-;-;-;-;-
99274B3204701;Sykkelstamvegen Forus nord;EV39 S1000D65 m24;2026-06-07T07:00+02:00;2026-06-07T08:00+02:00;2026-06-07;07:00;08:00;Totalt i retning Sandnes;3;100,0;1;1;0;3;0,00;-;-;-;-;-;-;-;-
99274B3204701;Sykkelstamvegen Forus nord;EV39 S1000D65 m24;2026-06-07T07:00+02:00;2026-06-07T08:00+02:00;2026-06-07;07:00;08:00;Totalt i retning Stavanger;0;100,0;1;1;0;0;100,00;-;-;-;-;-;-;-;-
99274B3204701;Sykkelstamvegen Forus nord;EV39 S1000D65 m24;2026-06-07T07:00+02:00;2026-06-07T08:00+02:00;2026-06-07;07:00;08:00;Totalt;3;100,0;1;1;0;3;0,00;-;-;-;-;-;-;-;-
99274B3204701;Sykkelstamvegen Forus nord;EV39 S1000D65 m24;2026-06-07T08:00+02:00;2026-06-07T09:00+02:00;2026-06-07;08:00;09:00;1;8;100,0;1;1;0;8;0,00;-;-;-;-;-;-;-;-
99274B3204701;Sykkelstamvegen Forus nord;EV39 S1000D65 m24;2026-06-07T08:00+02:00;2026-06-07T09:00+02:00;2026-06-07;08:00;09:00;2;5;100,0;1;1;0;5;0,00;-;-;-;-;-;-;-;-
99274B3204701;Sykkelstamvegen Forus nord;EV39 S1000D65 m24;2026-06-07T08:00+02:00;2026-06-07T09:00+02:00;2026-06-07;08:00;09:00;Totalt i retning Sandnes;8;100,0;1;1;0;8;0,00;-;-;-;-;-;-;-;-
99274B3204701;Sykkelstamvegen Forus nord;EV39 S1000D65 m24;2026-06-07T08:00+02:00;2026-06-07T09:00+02:00;2026-06-07;08:00;09:00;Totalt i retning Stavanger;5;100,0;1;1;0;5;0,00;-;-;-;-;-;-;-;-
99274B3204701;Sykkelstamvegen Forus nord;EV39 S1000D65 m24;2026-06-07T08:00+02:00;2026-06-07T09:00+02:00;2026-06-07;08:00;09:00;Totalt;13;100,0;1;1;0;13;0,00;-;-;-;-;-;-;-;-
99274B3204701;Sykkelstamvegen Forus nord;EV39 S1000D65 m24;2026-06-07T09:00+02:00;2026-06-07T10:00+02:00;2026-06-07;09:00;10:00;1;10;100,0;1;1;0;10;0,00;-;-;-;-;-;-;-;-
99274B3204701;Sykkelstamvegen Forus nord;EV39 S1000D65 m24;2026-06-07T09:00+02:00;2026-06-07T10:00+02:00;2026-06-07;09:00;10:00;2;10;100,0;1;1;0;10;0,00;-;-;-;-;-;-;-;-
99274B3204701;Sykkelstamvegen Forus nord;EV39 S1000D65 m24;2026-06-07T09:00+02:00;2026-06-07T10:00+02:00;2026-06-07;09:00;10:00;Totalt i retning Sandnes;10;100,0;1;1;0;10;0,00;-;-;-;-;-;-;-;-
99274B3204701;Sykkelstamvegen Forus nord;EV39 S1000D65 m24;2026-06-07T09:00+02:00;2026-06-07T10:00+02:00;2026-06-07;09:00;10:00;Totalt i retning Stavanger;10;100,0;1;1;0;10;0,00;-;-;-;-;-;-;-;-
99274B3204701;Sykkelstamvegen Forus nord;EV39 S1000D65 m24;2026-06-07T09:00+02:00;2026-06-07T10:00+02:00;2026-06-07;09:00;10:00;Totalt;20;100,0;1;1;0;20;0,00;-;-;-;-;-;-;-;-
99274B3204701;Sykkelstamvegen Forus nord;EV39 S1000D65 m24;2026-06-07T10:00+02:00;2026-06-07T11:00+02:00;2026-06-07;10:00;11:00;1;29;100,0;1;1;0;29;0,00;-;-;-;-;-;-;-;-
99274B3204701;Sykkelstamvegen Forus nord;EV39 S1000D65 m24;2026-06-07T10:00+02:00;2026-06-07T11:00+02:00;2026-06-07;10:00;11:00;2;15;100,0;1;1;0;15;0,00;-;-;-;-;-;-;-;-
99274B3204701;Sykkelstamvegen Forus nord;EV39 S1000D65 m24;2026-06-07T10:00+02:00;2026-06-07T11:00+02:00;2026-06-07;10:00;11:00;Totalt i retning Sandnes;29;100,0;1;1;0;29;0,00;-;-;-;-;-;-;-;-
99274B3204701;Sykkelstamvegen Forus nord;EV39 S1000D65 m24;2026-06-07T10:00+02:00;2026-06-07T11:00+02:00;2026-06-07;10:00;11:00;Totalt i retning Stavanger;15;100,0;1;1;0;15;0,00;-;-;-;-;-;-;-;-
99274B3204701;Sykkelstamvegen Forus nord;EV39 S1000D65 m24;2026-06-07T10:00+02:00;2026-06-07T11:00+02:00;2026-06-07;10:00;11:00;Totalt;44;100,0;1;1;0;44;0,00;-;-;-;-;-;-;-;-
99274B3204701;Sykkelstamvegen Forus nord;EV39 S1000D65 m24;2026-06-07T11:00+02:00;2026-06-07T12:00+02:00;2026-06-07;11:00;12:00;1;31;100,0;1;1;0;31;0,00;-;-;-;-;-;-;-;-
99274B3204701;Sykkelstamvegen Forus nord;EV39 S1000D65 m24;2026-06-07T11:00+02:00;2026-06-07T12:00+02:00;2026-06-07;11:00;12:00;2;38;100,0;1;1;0;38;0,00;-;-;-;-;-;-;-;-
99274B3204701;Sykkelstamvegen Forus nord;EV39 S1000D65 m24;2026-06-07T11:00+02:00;2026-06-07T12:00+02:00;2026-06-07;11:00;12:00;Totalt i retning Sandnes;31;100,0;1;1;0;31;0,00;-;-;-;-;-;-;-;-
99274B3204701;Sykkelstamvegen Forus nord;EV39 S1000D65 m24;2026-06-07T11:00+02:00;2026-06-07T12:00+02:00;2026-06-07;11:00;12:00;Totalt i retning Stavanger;38;100,0;1;1;0;38;0,00;-;-;-;-;-;-;-;-
99274B3204701;Sykkelstamvegen Forus nord;EV39 S1000D65 m24;2026-06-07T11:00+02:00;2026-06-07T12:00+02:00;2026-06-07;11:00;12:00;Totalt;69;100,0;1;1;0;69;0,00;-;-;-;-;-;-;-;-
99274B3204701;Sykkelstamvegen Forus nord;EV39 S1000D65 m24;2026-06-07T12:00+02:00;2026-06-07T13:00+02:00;2026-06-07;12:00;13:00;1;39;100,0;1;1;0;39;0,00;-;-;-;-;-;-;-;-
99274B3204701;Sykkelstamvegen Forus nord;EV39 S1000D65 m24;2026-06-07T12:00+02:00;2026-06-07T13:00+02:00;2026-06-07;12:00;13:00;2;32;100,0;1;1;0;32;0,00;-;-;-;-;-;-;-;-
99274B3204701;Sykkelstamvegen Forus nord;EV39 S1000D65 m24;2026-06-07T12:00+02:00;2026-06-07T13:00+02:00;2026-06-07;12:00;13:00;Totalt i retning Sandnes;42;100,0;1;1;0;42;0,00;-;-;-;-;-;-;-;-
99274B3204701;Sykkelstamvegen Forus nord;EV39 S1000D65 m24;2026-06-07T12:00+02:00;2026-06-07T13:00+02:00;2026-06-07;12:00;13:00;Totalt i retning Stavanger;29;100,0;1;1;0;29;0,00;-;-;-;-;-;-;-;-
99274B3204701;Sykkelstamvegen Forus nord;EV39 S1000D65 m24;2026-06-07T12:00+02:00;2026-06-07T13:00+02:00;2026-06-07;12:00;13:00;Totalt;71;100,0;1;1;0;71;0,00;-;-;-;-;-;-;-;-
99274B3204701;Sykkelstamvegen Forus nord;EV39 S1000D65 m24;2026-06-07T13:00+02:00;2026-06-07T14:00+02:00;2026-06-07;13:00;14:00;1;22;100,0;1;1;0;22;0,00;-;-;-;-;-;-;-;-
99274B3204701;Sykkelstamvegen Forus nord;EV39 S1000D65 m24;2026-06-07T13:00+02:00;2026-06-07T14:00+02:00;2026-06-07;13:00;14:00;2;31;100,0;1;1;0;31;0,00;-;-;-;-;-;-;-;-
99274B3204701;Sykkelstamvegen Forus nord;EV39 S1000D65 m24;2026-06-07T13:00+02:00;2026-06-07T14:00+02:00;2026-06-07;13:00;14:00;Totalt i retning Sandnes;22;100,0;1;1;0;22;0,00;-;-;-;-;-;-;-;-
99274B3204701;Sykkelstamvegen Forus nord;EV39 S1000D65 m24;2026-06-07T13:00+02:00;2026-06-07T14:00+02:00;2026-06-07;13:00;14:00;Totalt i retning Stavanger;31;100,0;1;1;0;31;0,00;-;-;-;-;-;-;-;-
99274B3204701;Sykkelstamvegen Forus nord;EV39 S1000D65 m24;2026-06-07T13:00+02:00;2026-06-07T14:00+02:00;2026-06-07;13:00;14:00;Totalt;53;100,0;1;1;0;53;0,00;-;-;-;-;-;-;-;-
99274B3204701;Sykkelstamvegen Forus nord;EV39 S1000D65 m24;2026-06-07T14:00+02:00;2026-06-07T15:00+02:00;2026-06-07;14:00;15:00;1;31;100,0;1;1;0;31;0,00;-;-;-;-;-;-;-;-
99274B3204701;Sykkelstamvegen Forus nord;EV39 S1000D65 m24;2026-06-07T14:00+02:00;2026-06-07T15:00+02:00;2026-06-07;14:00;15:00;2;40;100,0;1;1;0;40;0,00;-;-;-;-;-;-;-;-
99274B3204701;Sykkelstamvegen Forus nord;EV39 S1000D65 m24;2026-06-07T14:00+02:00;2026-06-07T15:00+02:00;2026-06-07;14:00;15:00;Totalt i retning Sandnes;31;100,0;1;1;0;31;0,00;-;-;-;-;-;-;-;-
99274B3204701;Sykkelstamvegen Forus nord;EV39 S1000D65 m24;2026-06-07T14:00+02:00;2026-06-07T15:00+02:00;2026-06-07;14:00;15:00;Totalt i retning Stavanger;40;100,0;1;1;0;40;0,00;-;-;-;-;-;-;-;-
99274B3204701;Sykkelstamvegen Forus nord;EV39 S1000D65 m24;2026-06-07T14:00+02:00;2026-06-07T15:00+02:00;2026-06-07;14:00;15:00;Totalt;71;100,0;1;1;0;71;0,00;-;-;-;-;-;-;-;-
99274B3204701;Sykkelstamvegen Forus nord;EV39 S1000D65 m24;2026-06-07T15:00+02:00;2026-06-07T16:00+02:00;2026-06-07;15:00;16:00;1;14;100,0;1;1;0;14;0,00;-;-;-;-;-;-;-;-
99274B3204701;Sykkelstamvegen Forus nord;EV39 S1000D65 m24;2026-06-07T15:00+02:00;2026-06-07T16:00+02:00;2026-06-07;15:00;16:00;2;15;100,0;1;1;0;15;0,00;-;-;-;-;-;-;-;-
99274B3204701;Sykkelstamvegen Forus nord;EV39 S1000D65 m24;2026-06-07T15:00+02:00;2026-06-07T16:00+02:00;2026-06-07;15:00;16:00;Totalt i retning Sandnes;14;100,0;1;1;0;14;0,00;-;-;-;-;-;-;-;-
99274B3204701;Sykkelstamvegen Forus nord;EV39 S1000D65 m24;2026-06-07T15:00+02:00;2026-06-07T16:00+02:00;2026-06-07;15:00;16:00;Totalt i retning Stavanger;15;100,0;1;1;0;15;0,00;-;-;-;-;-;-;-;-
99274B3204701;Sykkelstamvegen Forus nord;EV39 S1000D65 m24;2026-06-07T15:00+02:00;2026-06-07T16:00+02:00;2026-06-07;15:00;16:00;Totalt;29;100,0;1;1;0;29;0,00;-;-;-;-;-;-;-;-
99274B3204701;Sykkelstamvegen Forus nord;EV39 S1000D65 m24;2026-06-07T16:00+02:00;2026-06-07T17:00+02:00;2026-06-07;16:00;17:00;1;27;100,0;1;1;0;27;0,00;-;-;-;-;-;-;-;-
99274B3204701;Sykkelstamvegen Forus nord;EV39 S1000D65 m24;2026-06-07T16:00+02:00;2026-06-07T17:00+02:00;2026-06-07;16:00;17:00;2;24;100,0;1;1;0;24;0,00;-;-;-;-;-;-;-;-
99274B3204701;Sykkelstamvegen Forus nord;EV39 S1000D65 m24;2026-06-07T16:00+02:00;2026-06-07T17:00+02:00;2026-06-07;16:00;17:00;Totalt i retning Sandnes;27;100,0;1;1;0;27;0,00;-;-;-;-;-;-;-;-
99274B3204701;Sykkelstamvegen Forus nord;EV39 S1000D65 m24;2026-06-07T16:00+02:00;2026-06-07T17:00+02:00;2026-06-07;16:00;17:00;Totalt i retning Stavanger;24;100,0;1;1;0;24;0,00;-;-;-;-;-;-;-;-
99274B3204701;Sykkelstamvegen Forus nord;EV39 S1000D65 m24;2026-06-07T16:00+02:00;2026-06-07T17:00+02:00;2026-06-07;16:00;17:00;Totalt;51;100,0;1;1;0;51;0,00;-;-;-;-;-;-;-;-
99274B3204701;Sykkelstamvegen Forus nord;EV39 S1000D65 m24;2026-06-07T17:00+02:00;2026-06-07T18:00+02:00;2026-06-07;17:00;18:00;1;9;100,0;1;1;0;9;0,00;-;-;-;-;-;-;-;-
99274B3204701;Sykkelstamvegen Forus nord;EV39 S1000D65 m24;2026-06-07T17:00+02:00;2026-06-07T18:00+02:00;2026-06-07;17:00;18:00;2;25;100,0;1;1;0;25;0,00;-;-;-;-;-;-;-;-
99274B3204701;Sykkelstamvegen Forus nord;EV39 S1000D65 m24;2026-06-07T17:00+02:00;2026-06-07T18:00+02:00;2026-06-07;17:00;18:00;Totalt i retning Sandnes;8;100,0;1;1;0;8;0,00;-;-;-;-;-;-;-;-
99274B3204701;Sykkelstamvegen Forus nord;EV39 S1000D65 m24;2026-06-07T17:00+02:00;2026-06-07T18:00+02:00;2026-06-07;17:00;18:00;Totalt i retning Stavanger;26;100,0;1;1;0;26;0,00;-;-;-;-;-;-;-;-
99274B3204701;Sykkelstamvegen Forus nord;EV39 S1000D65 m24;2026-06-07T17:00+02:00;2026-06-07T18:00+02:00;2026-06-07;17:00;18:00;Totalt;34;100,0;1;1;0;34;0,00;-;-;-;-;-;-;-;-
99274B3204701;Sykkelstamvegen Forus nord;EV39 S1000D65 m24;2026-06-07T18:00+02:00;2026-06-07T19:00+02:00;2026-06-07;18:00;19:00;1;9;100,0;1;1;0;9;0,00;-;-;-;-;-;-;-;-
99274B3204701;Sykkelstamvegen Forus nord;EV39 S1000D65 m24;2026-06-07T18:00+02:00;2026-06-07T19:00+02:00;2026-06-07;18:00;19:00;2;10;100,0;1;1;0;10;0,00;-;-;-;-;-;-;-;-
99274B3204701;Sykkelstamvegen Forus nord;EV39 S1000D65 m24;2026-06-07T18:00+02:00;2026-06-07T19:00+02:00;2026-06-07;18:00;19:00;Totalt i retning Sandnes;8;100,0;1;1;0;8;0,00;-;-;-;-;-;-;-;-
99274B3204701;Sykkelstamvegen Forus nord;EV39 S1000D65 m24;2026-06-07T18:00+02:00;2026-06-07T19:00+02:00;2026-06-07;18:00;19:00;Totalt i retning Stavanger;11;100,0;1;1;0;11;0,00;-;-;-;-;-;-;-;-
99274B3204701;Sykkelstamvegen Forus nord;EV39 S1000D65 m24;2026-06-07T18:00+02:00;2026-06-07T19:00+02:00;2026-06-07;18:00;19:00;Totalt;19;100,0;1;1;0;19;0,00;-;-;-;-;-;-;-;-
99274B3204701;Sykkelstamvegen Forus nord;EV39 S1000D65 m24;2026-06-07T19:00+02:00;2026-06-07T20:00+02:00;2026-06-07;19:00;20:00;1;15;100,0;1;1;0;15;0,00;-;-;-;-;-;-;-;-
99274B3204701;Sykkelstamvegen Forus nord;EV39 S1000D65 m24;2026-06-07T19:00+02:00;2026-06-07T20:00+02:00;2026-06-07;19:00;20:00;2;18;100,0;1;1;0;18;0,00;-;-;-;-;-;-;-;-
99274B3204701;Sykkelstamvegen Forus nord;EV39 S1000D65 m24;2026-06-07T19:00+02:00;2026-06-07T20:00+02:00;2026-06-07;19:00;20:00;Totalt i retning Sandnes;15;100,0;1;1;0;15;0,00;-;-;-;-;-;-;-;-
99274B3204701;Sykkelstamvegen Forus nord;EV39 S1000D65 m24;2026-06-07T19:00+02:00;2026-06-07T20:00+02:00;2026-06-07;19:00;20:00;Totalt i retning Stavanger;18;100,0;1;1;0;18;0,00;-;-;-;-;-;-;-;-
99274B3204701;Sykkelstamvegen Forus nord;EV39 S1000D65 m24;2026-06-07T19:00+02:00;2026-06-07T20:00+02:00;2026-06-07;19:00;20:00;Totalt;33;100,0;1;1;0;33;0,00;-;-;-;-;-;-;-;-
99274B3204701;Sykkelstamvegen Forus nord;EV39 S1000D65 m24;2026-06-07T20:00+02:00;2026-06-07T21:00+02:00;2026-06-07;20:00;21:00;1;5;100,0;1;1;0;5;0,00;-;-;-;-;-;-;-;-
99274B3204701;Sykkelstamvegen Forus nord;EV39 S1000D65 m24;2026-06-07T20:00+02:00;2026-06-07T21:00+02:00;2026-06-07;20:00;21:00;2;5;100,0;1;1;0;5;0,00;-;-;-;-;-;-;-;-
99274B3204701;Sykkelstamvegen Forus nord;EV39 S1000D65 m24;2026-06-07T20:00+02:00;2026-06-07T21:00+02:00;2026-06-07;20:00;21:00;Totalt i retning Sandnes;5;100,0;1;1;0;5;0,00;-;-;-;-;-;-;-;-
99274B3204701;Sykkelstamvegen Forus nord;EV39 S1000D65 m24;2026-06-07T20:00+02:00;2026-06-07T21:00+02:00;2026-06-07;20:00;21:00;Totalt i retning Stavanger;5;100,0;1;1;0;5;0,00;-;-;-;-;-;-;-;-
99274B3204701;Sykkelstamvegen Forus nord;EV39 S1000D65 m24;2026-06-07T20:00+02:00;2026-06-07T21:00+02:00;2026-06-07;20:00;21:00;Totalt;10;100,0;1;1;0;10;0,00;-;-;-;-;-;-;-;-
99274B3204701;Sykkelstamvegen Forus nord;EV39 S1000D65 m24;2026-06-07T21:00+02:00;2026-06-07T22:00+02:00;2026-06-07;21:00;22:00;1;1;100,0;1;1;0;1;0,00;-;-;-;-;-;-;-;-
99274B3204701;Sykkelstamvegen Forus nord;EV39 S1000D65 m24;2026-06-07T21:00+02:00;2026-06-07T22:00+02:00;2026-06-07;21:00;22:00;2;4;100,0;1;1;0;4;0,00;-;-;-;-;-;-;-;-
99274B3204701;Sykkelstamvegen Forus nord;EV39 S1000D65 m24;2026-06-07T21:00+02:00;2026-06-07T22:00+02:00;2026-06-07;21:00;22:00;Totalt i retning Sandnes;1;100,0;1;1;0;1;0,00;-;-;-;-;-;-;-;-
99274B3204701;Sykkelstamvegen Forus nord;EV39 S1000D65 m24;2026-06-07T21:00+02:00;2026-06-07T22:00+02:00;2026-06-07;21:00;22:00;Totalt i retning Stavanger;4;100,0;1;1;0;4;0,00;-;-;-;-;-;-;-;-
99274B3204701;Sykkelstamvegen Forus nord;EV39 S1000D65 m24;2026-06-07T21:00+02:00;2026-06-07T22:00+02:00;2026-06-07;21:00;22:00;Totalt;5;100,0;1;1;0;5;0,00;-;-;-;-;-;-;-;-
99274B3204701;Sykkelstamvegen Forus nord;EV39 S1000D65 m24;2026-06-07T22:00+02:00;2026-06-07T23:00+02:00;2026-06-07;22:00;23:00;1;4;100,0;1;1;0;4;0,00;-;-;-;-;-;-;-;-
99274B3204701;Sykkelstamvegen Forus nord;EV39 S1000D65 m24;2026-06-07T22:00+02:00;2026-06-07T23:00+02:00;2026-06-07;22:00;23:00;2;2;100,0;1;1;0;2;0,00;-;-;-;-;-;-;-;-
99274B3204701;Sykkelstamvegen Forus nord;EV39 S1000D65 m24;2026-06-07T22:00+02:00;2026-06-07T23:00+02:00;2026-06-07;22:00;23:00;Totalt i retning Sandnes;4;100,0;1;1;0;4;0,00;-;-;-;-;-;-;-;-
99274B3204701;Sykkelstamvegen Forus nord;EV39 S1000D65 m24;2026-06-07T22:00+02:00;2026-06-07T23:00+02:00;2026-06-07;22:00;23:00;Totalt i retning Stavanger;2;100,0;1;1;0;2;0,00;-;-;-;-;-;-;-;-
99274B3204701;Sykkelstamvegen Forus nord;EV39 S1000D65 m24;2026-06-07T22:00+02:00;2026-06-07T23:00+02:00;2026-06-07;22:00;23:00;Totalt;6;100,0;1;1;0;6;0,00;-;-;-;-;-;-;-;-
99274B3204701;Sykkelstamvegen Forus nord;EV39 S1000D65 m24;2026-06-07T23:00+02:00;2026-06-08T00:00+02:00;2026-06-07;23:00;00:00;1;2;100,0;1;1;0;2;0,00;-;-;-;-;-;-;-;-
99274B3204701;Sykkelstamvegen Forus nord;EV39 S1000D65 m24;2026-06-07T23:00+02:00;2026-06-08T00:00+02:00;2026-06-07;23:00;00:00;2;2;100,0;1;1;0;2;0,00;-;-;-;-;-;-;-;-
99274B3204701;Sykkelstamvegen Forus nord;EV39 S1000D65 m24;2026-06-07T23:00+02:00;2026-06-08T00:00+02:00;2026-06-07;23:00;00:00;Totalt i retning Sandnes;2;100,0;1;1;0;2;0,00;-;-;-;-;-;-;-;-
99274B3204701;Sykkelstamvegen Forus nord;EV39 S1000D65 m24;2026-06-07T23:00+02:00;2026-06-08T00:00+02:00;2026-06-07;23:00;00:00;Totalt i retning Stavanger;2;100,0;1;1;0;2;0,00;-;-;-;-;-;-;-;-
99274B3204701;Sykkelstamvegen Forus nord;EV39 S1000D65 m24;2026-06-07T23:00+02:00;2026-06-08T00:00+02:00;2026-06-07;23:00;00:00;Totalt;4;100,0;1;1;0;4;0,00;-;-;-;-;-;-;-;-
99274B3204701;Sykkelstamvegen Forus nord;EV39 S1000D65 m24;2026-06-08T00:00+02:00;2026-06-08T01:00+02:00;2026-06-08;00:00;01:00;1;0;100,0;1;1;0;0;100,00;-;-;-;-;-;-;-;-
99274B3204701;Sykkelstamvegen Forus nord;EV39 S1000D65 m24;2026-06-08T00:00+02:00;2026-06-08T01:00+02:00;2026-06-08;00:00;01:00;2;0;100,0;1;1;0;0;100,00;-;-;-;-;-;-;-;-
99274B3204701;Sykkelstamvegen Forus nord;EV39 S1000D65 m24;2026-06-08T00:00+02:00;2026-06-08T01:00+02:00;2026-06-08;00:00;01:00;Totalt i retning Sandnes;0;100,0;1;1;0;0;100,00;-;-;-;-;-;-;-;-
99274B3204701;Sykkelstamvegen Forus nord;EV39 S1000D65 m24;2026-06-08T00:00+02:00;2026-06-08T01:00+02:00;2026-06-08;00:00;01:00;Totalt i retning Stavanger;0;100,0;1;1;0;0;100,00;-;-;-;-;-;-;-;-
99274B3204701;Sykkelstamvegen Forus nord;EV39 S1000D65 m24;2026-06-08T00:00+02:00;2026-06-08T01:00+02:00;2026-06-08;00:00;01:00;Totalt;0;100,0;1;1;0;0;100,00;-;-;-;-;-;-;-;-
99274B3204701;Sykkelstamvegen Forus nord;EV39 S1000D65 m24;2026-06-08T01:00+02:00;2026-06-08T02:00+02:00;2026-06-08;01:00;02:00;1;0;100,0;1;1;0;0;100,00;-;-;-;-;-;-;-;-
99274B3204701;Sykkelstamvegen Forus nord;EV39 S1000D65 m24;2026-06-08T01:00+02:00;2026-06-08T02:00+02:00;2026-06-08;01:00;02:00;2;0;100,0;1;1;0;0;100,00;-;-;-;-;-;-;-;-
99274B3204701;Sykkelstamvegen Forus nord;EV39 S1000D65 m24;2026-06-08T01:00+02:00;2026-06-08T02:00+02:00;2026-06-08;01:00;02:00;Totalt i retning Sandnes;0;100,0;1;1;0;0;100,00;-;-;-;-;-;-;-;-
99274B3204701;Sykkelstamvegen Forus nord;EV39 S1000D65 m24;2026-06-08T01:00+02:00;2026-06-08T02:00+02:00;2026-06-08;01:00;02:00;Totalt i retning Stavanger;0;100,0;1;1;0;0;100,00;-;-;-;-;-;-;-;-
99274B3204701;Sykkelstamvegen Forus nord;EV39 S1000D65 m24;2026-06-08T01:00+02:00;2026-06-08T02:00+02:00;2026-06-08;01:00;02:00;Totalt;0;100,0;1;1;0;0;100,00;-;-;-;-;-;-;-;-
99274B3204701;Sykkelstamvegen Forus nord;EV39 S1000D65 m24;2026-06-08T02:00+02:00;2026-06-08T03:00+02:00;2026-06-08;02:00;03:00;1;0;100,0;1;1;0;0;100,00;-;-;-;-;-;-;-;-
99274B3204701;Sykkelstamvegen Forus nord;EV39 S1000D65 m24;2026-06-08T02:00+02:00;2026-06-08T03:00+02:00;2026-06-08;02:00;03:00;2;0;100,0;1;1;0;0;100,00;-;-;-;-;-;-;-;-
99274B3204701;Sykkelstamvegen Forus nord;EV39 S1000D65 m24;2026-06-08T02:00+02:00;2026-06-08T03:00+02:00;2026-06-08;02:00;03:00;Totalt i retning Sandnes;0;100,0;1;1;0;0;100,00;-;-;-;-;-;-;-;-
99274B3204701;Sykkelstamvegen Forus nord;EV39 S1000D65 m24;2026-06-08T02:00+02:00;2026-06-08T03:00+02:00;2026-06-08;02:00;03:00;Totalt i retning Stavanger;0;100,0;1;1;0;0;100,00;-;-;-;-;-;-;-;-
99274B3204701;Sykkelstamvegen Forus nord;EV39 S1000D65 m24;2026-06-08T02:00+02:00;2026-06-08T03:00+02:00;2026-06-08;02:00;03:00;Totalt;0;100,0;1;1;0;0;100,00;-;-;-;-;-;-;-;-
99274B3204701;Sykkelstamvegen Forus nord;EV39 S1000D65 m24;2026-06-08T03:00+02:00;2026-06-08T04:00+02:00;2026-06-08;03:00;04:00;1;0;100,0;1;1;0;0;100,00;-;-;-;-;-;-;-;-
99274B3204701;Sykkelstamvegen Forus nord;EV39 S1000D65 m24;2026-06-08T03:00+02:00;2026-06-08T04:00+02:00;2026-06-08;03:00;04:00;2;0;100,0;1;1;0;0;100,00;-;-;-;-;-;-;-;-
99274B3204701;Sykkelstamvegen Forus nord;EV39 S1000D65 m24;2026-06-08T03:00+02:00;2026-06-08T04:00+02:00;2026-06-08;03:00;04:00;Totalt i retning Sandnes;0;100,0;1;1;0;0;100,00;-;-;-;-;-;-;-;-
99274B3204701;Sykkelstamvegen Forus nord;EV39 S1000D65 m24;2026-06-08T03:00+02:00;2026-06-08T04:00+02:00;2026-06-08;03:00;04:00;Totalt i retning Stavanger;0;100,0;1;1;0;0;100,00;-;-;-;-;-;-;-;-
99274B3204701;Sykkelstamvegen Forus nord;EV39 S1000D65 m24;2026-06-08T03:00+02:00;2026-06-08T04:00+02:00;2026-06-08;03:00;04:00;Totalt;0;100,0;1;1;0;0;100,00;-;-;-;-;-;-;-;-
99274B3204701;Sykkelstamvegen Forus nord;EV39 S1000D65 m24;2026-06-08T04:00+02:00;2026-06-08T05:00+02:00;2026-06-08;04:00;05:00;1;1;100,0;1;1;0;1;0,00;-;-;-;-;-;-;-;-
99274B3204701;Sykkelstamvegen Forus nord;EV39 S1000D65 m24;2026-06-08T04:00+02:00;2026-06-08T05:00+02:00;2026-06-08;04:00;05:00;2;1;100,0;1;1;0;1;0,00;-;-;-;-;-;-;-;-
99274B3204701;Sykkelstamvegen Forus nord;EV39 S1000D65 m24;2026-06-08T04:00+02:00;2026-06-08T05:00+02:00;2026-06-08;04:00;05:00;Totalt i retning Sandnes;1;100,0;1;1;0;1;0,00;-;-;-;-;-;-;-;-
99274B3204701;Sykkelstamvegen Forus nord;EV39 S1000D65 m24;2026-06-08T04:00+02:00;2026-06-08T05:00+02:00;2026-06-08;04:00;05:00;Totalt i retning Stavanger;1;100,0;1;1;0;1;0,00;-;-;-;-;-;-;-;-
99274B3204701;Sykkelstamvegen Forus nord;EV39 S1000D65 m24;2026-06-08T04:00+02:00;2026-06-08T05:00+02:00;2026-06-08;04:00;05:00;Totalt;2;100,0;1;1;0;2;0,00;-;-;-;-;-;-;-;-
99274B3204701;Sykkelstamvegen Forus nord;EV39 S1000D65 m24;2026-06-08T05:00+02:00;2026-06-08T06:00+02:00;2026-06-08;05:00;06:00;1;3;100,0;1;1;0;3;0,00;-;-;-;-;-;-;-;-
99274B3204701;Sykkelstamvegen Forus nord;EV39 S1000D65 m24;2026-06-08T05:00+02:00;2026-06-08T06:00+02:00;2026-06-08;05:00;06:00;2;13;100,0;1;1;0;13;0,00;-;-;-;-;-;-;-;-
99274B3204701;Sykkelstamvegen Forus nord;EV39 S1000D65 m24;2026-06-08T05:00+02:00;2026-06-08T06:00+02:00;2026-06-08;05:00;06:00;Totalt i retning Sandnes;3;100,0;1;1;0;3;0,00;-;-;-;-;-;-;-;-
99274B3204701;Sykkelstamvegen Forus nord;EV39 S1000D65 m24;2026-06-08T05:00+02:00;2026-06-08T06:00+02:00;2026-06-08;05:00;06:00;Totalt i retning Stavanger;13;100,0;1;1;0;13;0,00;-;-;-;-;-;-;-;-
99274B3204701;Sykkelstamvegen Forus nord;EV39 S1000D65 m24;2026-06-08T05:00+02:00;2026-06-08T06:00+02:00;2026-06-08;05:00;06:00;Totalt;16;100,0;1;1;0;16;0,00;-;-;-;-;-;-;-;-
99274B3204701;Sykkelstamvegen Forus nord;EV39 S1000D65 m24;2026-06-08T06:00+02:00;2026-06-08T07:00+02:00;2026-06-08;06:00;07:00;1;26;100,0;1;1;0;26;0,00;-;-;-;-;-;-;-;-
99274B3204701;Sykkelstamvegen Forus nord;EV39 S1000D65 m24;2026-06-08T06:00+02:00;2026-06-08T07:00+02:00;2026-06-08;06:00;07:00;2;58;100,0;1;1;0;58;0,00;-;-;-;-;-;-;-;-
99274B3204701;Sykkelstamvegen Forus nord;EV39 S1000D65 m24;2026-06-08T06:00+02:00;2026-06-08T07:00+02:00;2026-06-08;06:00;07:00;Totalt i retning Sandnes;26;100,0;1;1;0;26;0,00;-;-;-;-;-;-;-;-
99274B3204701;Sykkelstamvegen Forus nord;EV39 S1000D65 m24;2026-06-08T06:00+02:00;2026-06-08T07:00+02:00;2026-06-08;06:00;07:00;Totalt i retning Stavanger;58;100,0;1;1;0;58;0,00;-;-;-;-;-;-;-;-
99274B3204701;Sykkelstamvegen Forus nord;EV39 S1000D65 m24;2026-06-08T06:00+02:00;2026-06-08T07:00+02:00;2026-06-08;06:00;07:00;Totalt;84;100,0;1;1;0;84;0,00;-;-;-;-;-;-;-;-
99274B3204701;Sykkelstamvegen Forus nord;EV39 S1000D65 m24;2026-06-08T07:00+02:00;2026-06-08T08:00+02:00;2026-06-08;07:00;08:00;1;41;100,0;1;1;0;41;0,00;-;-;-;-;-;-;-;-
99274B3204701;Sykkelstamvegen Forus nord;EV39 S1000D65 m24;2026-06-08T07:00+02:00;2026-06-08T08:00+02:00;2026-06-08;07:00;08:00;2;118;100,0;1;1;0;118;0,00;-;-;-;-;-;-;-;-
99274B3204701;Sykkelstamvegen Forus nord;EV39 S1000D65 m24;2026-06-08T07:00+02:00;2026-06-08T08:00+02:00;2026-06-08;07:00;08:00;Totalt i retning Sandnes;41;100,0;1;1;0;41;0,00;-;-;-;-;-;-;-;-
99274B3204701;Sykkelstamvegen Forus nord;EV39 S1000D65 m24;2026-06-08T07:00+02:00;2026-06-08T08:00+02:00;2026-06-08;07:00;08:00;Totalt i retning Stavanger;118;100,0;1;1;0;118;0,00;-;-;-;-;-;-;-;-
99274B3204701;Sykkelstamvegen Forus nord;EV39 S1000D65 m24;2026-06-08T07:00+02:00;2026-06-08T08:00+02:00;2026-06-08;07:00;08:00;Totalt;159;100,0;1;1;0;159;0,00;-;-;-;-;-;-;-;-
99274B3204701;Sykkelstamvegen Forus nord;EV39 S1000D65 m24;2026-06-08T08:00+02:00;2026-06-08T09:00+02:00;2026-06-08;08:00;09:00;1;16;100,0;1;1;0;16;0,00;-;-;-;-;-;-;-;-
99274B3204701;Sykkelstamvegen Forus nord;EV39 S1000D65 m24;2026-06-08T08:00+02:00;2026-06-08T09:00+02:00;2026-06-08;08:00;09:00;2;36;100,0;1;1;0;36;0,00;-;-;-;-;-;-;-;-
99274B3204701;Sykkelstamvegen Forus nord;EV39 S1000D65 m24;2026-06-08T08:00+02:00;2026-06-08T09:00+02:00;2026-06-08;08:00;09:00;Totalt i retning Sandnes;16;100,0;1;1;0;16;0,00;-;-;-;-;-;-;-;-
99274B3204701;Sykkelstamvegen Forus nord;EV39 S1000D65 m24;2026-06-08T08:00+02:00;2026-06-08T09:00+02:00;2026-06-08;08:00;09:00;Totalt i retning Stavanger;36;100,0;1;1;0;36;0,00;-;-;-;-;-;-;-;-
99274B3204701;Sykkelstamvegen Forus nord;EV39 S1000D65 m24;2026-06-08T08:00+02:00;2026-06-08T09:00+02:00;2026-06-08;08:00;09:00;Totalt;52;100,0;1;1;0;52;0,00;-;-;-;-;-;-;-;-
99274B3204701;Sykkelstamvegen Forus nord;EV39 S1000D65 m24;2026-06-08T09:00+02:00;2026-06-08T10:00+02:00;2026-06-08;09:00;10:00;1;5;100,0;1;1;0;5;0,00;-;-;-;-;-;-;-;-
99274B3204701;Sykkelstamvegen Forus nord;EV39 S1000D65 m24;2026-06-08T09:00+02:00;2026-06-08T10:00+02:00;2026-06-08;09:00;10:00;2;11;100,0;1;1;0;11;0,00;-;-;-;-;-;-;-;-
99274B3204701;Sykkelstamvegen Forus nord;EV39 S1000D65 m24;2026-06-08T09:00+02:00;2026-06-08T10:00+02:00;2026-06-08;09:00;10:00;Totalt i retning Sandnes;5;100,0;1;1;0;5;0,00;-;-;-;-;-;-;-;-
99274B3204701;Sykkelstamvegen Forus nord;EV39 S1000D65 m24;2026-06-08T09:00+02:00;2026-06-08T10:00+02:00;2026-06-08;09:00;10:00;Totalt i retning Stavanger;11;100,0;1;1;0;11;0,00;-;-;-;-;-;-;-;-
99274B3204701;Sykkelstamvegen Forus nord;EV39 S1000D65 m24;2026-06-08T09:00+02:00;2026-06-08T10:00+02:00;2026-06-08;09:00;10:00;Totalt;16;100,0;1;1;0;16;0,00;-;-;-;-;-;-;-;-
99274B3204701;Sykkelstamvegen Forus nord;EV39 S1000D65 m24;2026-06-08T10:00+02:00;2026-06-08T11:00+02:00;2026-06-08;10:00;11:00;1;11;100,0;1;1;0;11;0,00;-;-;-;-;-;-;-;-
99274B3204701;Sykkelstamvegen Forus nord;EV39 S1000D65 m24;2026-06-08T10:00+02:00;2026-06-08T11:00+02:00;2026-06-08;10:00;11:00;2;6;100,0;1;1;0;6;0,00;-;-;-;-;-;-;-;-
99274B3204701;Sykkelstamvegen Forus nord;EV39 S1000D65 m24;2026-06-08T10:00+02:00;2026-06-08T11:00+02:00;2026-06-08;10:00;11:00;Totalt i retning Sandnes;11;100,0;1;1;0;11;0,00;-;-;-;-;-;-;-;-
99274B3204701;Sykkelstamvegen Forus nord;EV39 S1000D65 m24;2026-06-08T10:00+02:00;2026-06-08T11:00+02:00;2026-06-08;10:00;11:00;Totalt i retning Stavanger;6;100,0;1;1;0;6;0,00;-;-;-;-;-;-;-;-
99274B3204701;Sykkelstamvegen Forus nord;EV39 S1000D65 m24;2026-06-08T10:00+02:00;2026-06-08T11:00+02:00;2026-06-08;10:00;11:00;Totalt;17;100,0;1;1;0;17;0,00;-;-;-;-;-;-;-;-
99274B3204701;Sykkelstamvegen Forus nord;EV39 S1000D65 m24;2026-06-08T11:00+02:00;2026-06-08T12:00+02:00;2026-06-08;11:00;12:00;1;8;100,0;1;1;0;8;0,00;-;-;-;-;-;-;-;-
99274B3204701;Sykkelstamvegen Forus nord;EV39 S1000D65 m24;2026-06-08T11:00+02:00;2026-06-08T12:00+02:00;2026-06-08;11:00;12:00;2;8;100,0;1;1;0;8;0,00;-;-;-;-;-;-;-;-
99274B3204701;Sykkelstamvegen Forus nord;EV39 S1000D65 m24;2026-06-08T11:00+02:00;2026-06-08T12:00+02:00;2026-06-08;11:00;12:00;Totalt i retning Sandnes;8;100,0;1;1;0;8;0,00;-;-;-;-;-;-;-;-
99274B3204701;Sykkelstamvegen Forus nord;EV39 S1000D65 m24;2026-06-08T11:00+02:00;2026-06-08T12:00+02:00;2026-06-08;11:00;12:00;Totalt i retning Stavanger;8;100,0;1;1;0;8;0,00;-;-;-;-;-;-;-;-
99274B3204701;Sykkelstamvegen Forus nord;EV39 S1000D65 m24;2026-06-08T11:00+02:00;2026-06-08T12:00+02:00;2026-06-08;11:00;12:00;Totalt;16;100,0;1;1;0;16;0,00;-;-;-;-;-;-;-;-
99274B3204701;Sykkelstamvegen Forus nord;EV39 S1000D65 m24;2026-06-08T12:00+02:00;2026-06-08T13:00+02:00;2026-06-08;12:00;13:00;1;8;100,0;1;1;0;8;0,00;-;-;-;-;-;-;-;-
99274B3204701;Sykkelstamvegen Forus nord;EV39 S1000D65 m24;2026-06-08T12:00+02:00;2026-06-08T13:00+02:00;2026-06-08;12:00;13:00;2;6;100,0;1;1;0;6;0,00;-;-;-;-;-;-;-;-
99274B3204701;Sykkelstamvegen Forus nord;EV39 S1000D65 m24;2026-06-08T12:00+02:00;2026-06-08T13:00+02:00;2026-06-08;12:00;13:00;Totalt i retning Sandnes;8;100,0;1;1;0;8;0,00;-;-;-;-;-;-;-;-
99274B3204701;Sykkelstamvegen Forus nord;EV39 S1000D65 m24;2026-06-08T12:00+02:00;2026-06-08T13:00+02:00;2026-06-08;12:00;13:00;Totalt i retning Stavanger;6;100,0;1;1;0;6;0,00;-;-;-;-;-;-;-;-
99274B3204701;Sykkelstamvegen Forus nord;EV39 S1000D65 m24;2026-06-08T12:00+02:00;2026-06-08T13:00+02:00;2026-06-08;12:00;13:00;Totalt;14;100,0;1;1;0;14;0,00;-;-;-;-;-;-;-;-
99274B3204701;Sykkelstamvegen Forus nord;EV39 S1000D65 m24;2026-06-08T13:00+02:00;2026-06-08T14:00+02:00;2026-06-08;13:00;14:00;1;12;100,0;1;1;0;12;0,00;-;-;-;-;-;-;-;-
99274B3204701;Sykkelstamvegen Forus nord;EV39 S1000D65 m24;2026-06-08T13:00+02:00;2026-06-08T14:00+02:00;2026-06-08;13:00;14:00;2;8;100,0;1;1;0;8;0,00;-;-;-;-;-;-;-;-
99274B3204701;Sykkelstamvegen Forus nord;EV39 S1000D65 m24;2026-06-08T13:00+02:00;2026-06-08T14:00+02:00;2026-06-08;13:00;14:00;Totalt i retning Sandnes;12;100,0;1;1;0;12;0,00;-;-;-;-;-;-;-;-
99274B3204701;Sykkelstamvegen Forus nord;EV39 S1000D65 m24;2026-06-08T13:00+02:00;2026-06-08T14:00+02:00;2026-06-08;13:00;14:00;Totalt i retning Stavanger;8;100,0;1;1;0;8;0,00;-;-;-;-;-;-;-;-
99274B3204701;Sykkelstamvegen Forus nord;EV39 S1000D65 m24;2026-06-08T13:00+02:00;2026-06-08T14:00+02:00;2026-06-08;13:00;14:00;Totalt;20;100,0;1;1;0;20;0,00;-;-;-;-;-;-;-;-
99274B3204701;Sykkelstamvegen Forus nord;EV39 S1000D65 m24;2026-06-08T14:00+02:00;2026-06-08T15:00+02:00;2026-06-08;14:00;15:00;1;18;100,0;1;1;0;18;0,00;-;-;-;-;-;-;-;-
99274B3204701;Sykkelstamvegen Forus nord;EV39 S1000D65 m24;2026-06-08T14:00+02:00;2026-06-08T15:00+02:00;2026-06-08;14:00;15:00;2;11;100,0;1;1;0;11;0,00;-;-;-;-;-;-;-;-
99274B3204701;Sykkelstamvegen Forus nord;EV39 S1000D65 m24;2026-06-08T14:00+02:00;2026-06-08T15:00+02:00;2026-06-08;14:00;15:00;Totalt i retning Sandnes;18;100,0;1;1;0;18;0,00;-;-;-;-;-;-;-;-
99274B3204701;Sykkelstamvegen Forus nord;EV39 S1000D65 m24;2026-06-08T14:00+02:00;2026-06-08T15:00+02:00;2026-06-08;14:00;15:00;Totalt i retning Stavanger;11;100,0;1;1;0;11;0,00;-;-;-;-;-;-;-;-
99274B3204701;Sykkelstamvegen Forus nord;EV39 S1000D65 m24;2026-06-08T14:00+02:00;2026-06-08T15:00+02:00;2026-06-08;14:00;15:00;Totalt;29;100,0;1;1;0;29;0,00;-;-;-;-;-;-;-;-
99274B3204701;Sykkelstamvegen Forus nord;EV39 S1000D65 m24;2026-06-08T15:00+02:00;2026-06-08T16:00+02:00;2026-06-08;15:00;16:00;1;94;100,0;1;1;0;94;0,00;-;-;-;-;-;-;-;-
99274B3204701;Sykkelstamvegen Forus nord;EV39 S1000D65 m24;2026-06-08T15:00+02:00;2026-06-08T16:00+02:00;2026-06-08;15:00;16:00;2;48;100,0;1;1;0;48;0,00;-;-;-;-;-;-;-;-
99274B3204701;Sykkelstamvegen Forus nord;EV39 S1000D65 m24;2026-06-08T15:00+02:00;2026-06-08T16:00+02:00;2026-06-08;15:00;16:00;Totalt i retning Sandnes;94;100,0;1;1;0;94;0,00;-;-;-;-;-;-;-;-
99274B3204701;Sykkelstamvegen Forus nord;EV39 S1000D65 m24;2026-06-08T15:00+02:00;2026-06-08T16:00+02:00;2026-06-08;15:00;16:00;Totalt i retning Stavanger;48;100,0;1;1;0;48;0,00;-;-;-;-;-;-;-;-
99274B3204701;Sykkelstamvegen Forus nord;EV39 S1000D65 m24;2026-06-08T15:00+02:00;2026-06-08T16:00+02:00;2026-06-08;15:00;16:00;Totalt;142;100,0;1;1;0;142;0,00;-;-;-;-;-;-;-;-
99274B3204701;Sykkelstamvegen Forus nord;EV39 S1000D65 m24;2026-06-08T16:00+02:00;2026-06-08T17:00+02:00;2026-06-08;16:00;17:00;1;74;100,0;1;1;0;74;0,00;-;-;-;-;-;-;-;-
99274B3204701;Sykkelstamvegen Forus nord;EV39 S1000D65 m24;2026-06-08T16:00+02:00;2026-06-08T17:00+02:00;2026-06-08;16:00;17:00;2;24;100,0;1;1;0;24;0,00;-;-;-;-;-;-;-;-
99274B3204701;Sykkelstamvegen Forus nord;EV39 S1000D65 m24;2026-06-08T16:00+02:00;2026-06-08T17:00+02:00;2026-06-08;16:00;17:00;Totalt i retning Sandnes;75;100,0;1;1;0;75;0,00;-;-;-;-;-;-;-;-
99274B3204701;Sykkelstamvegen Forus nord;EV39 S1000D65 m24;2026-06-08T16:00+02:00;2026-06-08T17:00+02:00;2026-06-08;16:00;17:00;Totalt i retning Stavanger;23;100,0;1;1;0;23;0,00;-;-;-;-;-;-;-;-
99274B3204701;Sykkelstamvegen Forus nord;EV39 S1000D65 m24;2026-06-08T16:00+02:00;2026-06-08T17:00+02:00;2026-06-08;16:00;17:00;Totalt;98;100,0;1;1;0;98;0,00;-;-;-;-;-;-;-;-
99274B3204701;Sykkelstamvegen Forus nord;EV39 S1000D65 m24;2026-06-08T17:00+02:00;2026-06-08T18:00+02:00;2026-06-08;17:00;18:00;1;21;100,0;1;1;0;21;0,00;-;-;-;-;-;-;-;-
99274B3204701;Sykkelstamvegen Forus nord;EV39 S1000D65 m24;2026-06-08T17:00+02:00;2026-06-08T18:00+02:00;2026-06-08;17:00;18:00;2;18;100,0;1;1;0;18;0,00;-;-;-;-;-;-;-;-
99274B3204701;Sykkelstamvegen Forus nord;EV39 S1000D65 m24;2026-06-08T17:00+02:00;2026-06-08T18:00+02:00;2026-06-08;17:00;18:00;Totalt i retning Sandnes;21;100,0;1;1;0;21;0,00;-;-;-;-;-;-;-;-
99274B3204701;Sykkelstamvegen Forus nord;EV39 S1000D65 m24;2026-06-08T17:00+02:00;2026-06-08T18:00+02:00;2026-06-08;17:00;18:00;Totalt i retning Stavanger;18;100,0;1;1;0;18;0,00;-;-;-;-;-;-;-;-
99274B3204701;Sykkelstamvegen Forus nord;EV39 S1000D65 m24;2026-06-08T17:00+02:00;2026-06-08T18:00+02:00;2026-06-08;17:00;18:00;Totalt;39;100,0;1;1;0;39;0,00;-;-;-;-;-;-;-;-
99274B3204701;Sykkelstamvegen Forus nord;EV39 S1000D65 m24;2026-06-08T18:00+02:00;2026-06-08T19:00+02:00;2026-06-08;18:00;19:00;1;5;100,0;1;1;0;5;0,00;-;-;-;-;-;-;-;-
99274B3204701;Sykkelstamvegen Forus nord;EV39 S1000D65 m24;2026-06-08T18:00+02:00;2026-06-08T19:00+02:00;2026-06-08;18:00;19:00;2;5;100,0;1;1;0;5;0,00;-;-;-;-;-;-;-;-
99274B3204701;Sykkelstamvegen Forus nord;EV39 S1000D65 m24;2026-06-08T18:00+02:00;2026-06-08T19:00+02:00;2026-06-08;18:00;19:00;Totalt i retning Sandnes;5;100,0;1;1;0;5;0,00;-;-;-;-;-;-;-;-
99274B3204701;Sykkelstamvegen Forus nord;EV39 S1000D65 m24;2026-06-08T18:00+02:00;2026-06-08T19:00+02:00;2026-06-08;18:00;19:00;Totalt i retning Stavanger;5;100,0;1;1;0;5;0,00;-;-;-;-;-;-;-;-
99274B3204701;Sykkelstamvegen Forus nord;EV39 S1000D65 m24;2026-06-08T18:00+02:00;2026-06-08T19:00+02:00;2026-06-08;18:00;19:00;Totalt;10;100,0;1;1;0;10;0,00;-;-;-;-;-;-;-;-
99274B3204701;Sykkelstamvegen Forus nord;EV39 S1000D65 m24;2026-06-08T19:00+02:00;2026-06-08T20:00+02:00;2026-06-08;19:00;20:00;1;6;100,0;1;1;0;6;0,00;-;-;-;-;-;-;-;-
99274B3204701;Sykkelstamvegen Forus nord;EV39 S1000D65 m24;2026-06-08T19:00+02:00;2026-06-08T20:00+02:00;2026-06-08;19:00;20:00;2;3;100,0;1;1;0;3;0,00;-;-;-;-;-;-;-;-
99274B3204701;Sykkelstamvegen Forus nord;EV39 S1000D65 m24;2026-06-08T19:00+02:00;2026-06-08T20:00+02:00;2026-06-08;19:00;20:00;Totalt i retning Sandnes;6;100,0;1;1;0;6;0,00;-;-;-;-;-;-;-;-
99274B3204701;Sykkelstamvegen Forus nord;EV39 S1000D65 m24;2026-06-08T19:00+02:00;2026-06-08T20:00+02:00;2026-06-08;19:00;20:00;Totalt i retning Stavanger;3;100,0;1;1;0;3;0,00;-;-;-;-;-;-;-;-
99274B3204701;Sykkelstamvegen Forus nord;EV39 S1000D65 m24;2026-06-08T19:00+02:00;2026-06-08T20:00+02:00;2026-06-08;19:00;20:00;Totalt;9;100,0;1;1;0;9;0,00;-;-;-;-;-;-;-;-
99274B3204701;Sykkelstamvegen Forus nord;EV39 S1000D65 m24;2026-06-08T20:00+02:00;2026-06-08T21:00+02:00;2026-06-08;20:00;21:00;1;5;100,0;1;1;0;5;0,00;-;-;-;-;-;-;-;-
99274B3204701;Sykkelstamvegen Forus nord;EV39 S1000D65 m24;2026-06-08T20:00+02:00;2026-06-08T21:00+02:00;2026-06-08;20:00;21:00;2;3;100,0;1;1;0;3;0,00;-;-;-;-;-;-;-;-
99274B3204701;Sykkelstamvegen Forus nord;EV39 S1000D65 m24;2026-06-08T20:00+02:00;2026-06-08T21:00+02:00;2026-06-08;20:00;21:00;Totalt i retning Sandnes;5;100,0;1;1;0;5;0,00;-;-;-;-;-;-;-;-
99274B3204701;Sykkelstamvegen Forus nord;EV39 S1000D65 m24;2026-06-08T20:00+02:00;2026-06-08T21:00+02:00;2026-06-08;20:00;21:00;Totalt i retning Stavanger;3;100,0;1;1;0;3;0,00;-;-;-;-;-;-;-;-
99274B3204701;Sykkelstamvegen Forus nord;EV39 S1000D65 m24;2026-06-08T20:00+02:00;2026-06-08T21:00+02:00;2026-06-08;20:00;21:00;Totalt;8;100,0;1;1;0;8;0,00;-;-;-;-;-;-;-;-
99274B3204701;Sykkelstamvegen Forus nord;EV39 S1000D65 m24;2026-06-08T21:00+02:00;2026-06-08T22:00+02:00;2026-06-08;21:00;22:00;1;3;100,0;1;1;0;3;0,00;-;-;-;-;-;-;-;-
99274B3204701;Sykkelstamvegen Forus nord;EV39 S1000D65 m24;2026-06-08T21:00+02:00;2026-06-08T22:00+02:00;2026-06-08;21:00;22:00;2;2;100,0;1;1;0;2;0,00;-;-;-;-;-;-;-;-
99274B3204701;Sykkelstamvegen Forus nord;EV39 S1000D65 m24;2026-06-08T21:00+02:00;2026-06-08T22:00+02:00;2026-06-08;21:00;22:00;Totalt i retning Sandnes;3;100,0;1;1;0;3;0,00;-;-;-;-;-;-;-;-
99274B3204701;Sykkelstamvegen Forus nord;EV39 S1000D65 m24;2026-06-08T21:00+02:00;2026-06-08T22:00+02:00;2026-06-08;21:00;22:00;Totalt i retning Stavanger;2;100,0;1;1;0;2;0,00;-;-;-;-;-;-;-;-
99274B3204701;Sykkelstamvegen Forus nord;EV39 S1000D65 m24;2026-06-08T21:00+02:00;2026-06-08T22:00+02:00;2026-06-08;21:00;22:00;Totalt;5;100,0;1;1;0;5;0,00;-;-;-;-;-;-;-;-
99274B3204701;Sykkelstamvegen Forus nord;EV39 S1000D65 m24;2026-06-08T22:00+02:00;2026-06-08T23:00+02:00;2026-06-08;22:00;23:00;1;2;100,0;1;1;0;2;0,00;-;-;-;-;-;-;-;-
99274B3204701;Sykkelstamvegen Forus nord;EV39 S1000D65 m24;2026-06-08T22:00+02:00;2026-06-08T23:00+02:00;2026-06-08;22:00;23:00;2;1;100,0;1;1;0;1;0,00;-;-;-;-;-;-;-;-
99274B3204701;Sykkelstamvegen Forus nord;EV39 S1000D65 m24;2026-06-08T22:00+02:00;2026-06-08T23:00+02:00;2026-06-08;22:00;23:00;Totalt i retning Sandnes;2;100,0;1;1;0;2;0,00;-;-;-;-;-;-;-;-
99274B3204701;Sykkelstamvegen Forus nord;EV39 S1000D65 m24;2026-06-08T22:00+02:00;2026-06-08T23:00+02:00;2026-06-08;22:00;23:00;Totalt i retning Stavanger;1;100,0;1;1;0;1;0,00;-;-;-;-;-;-;-;-
99274B3204701;Sykkelstamvegen Forus nord;EV39 S1000D65 m24;2026-06-08T22:00+02:00;2026-06-08T23:00+02:00;2026-06-08;22:00;23:00;Totalt;3;100,0;1;1;0;3;0,00;-;-;-;-;-;-;-;-
99274B3204701;Sykkelstamvegen Forus nord;EV39 S1000D65 m24;2026-06-08T23:00+02:00;2026-06-09T00:00+02:00;2026-06-08;23:00;00:00;1;2;100,0;1;1;0;2;0,00;-;-;-;-;-;-;-;-
99274B3204701;Sykkelstamvegen Forus nord;EV39 S1000D65 m24;2026-06-08T23:00+02:00;2026-06-09T00:00+02:00;2026-06-08;23:00;00:00;2;0;100,0;1;1;0;0;100,00;-;-;-;-;-;-;-;-
99274B3204701;Sykkelstamvegen Forus nord;EV39 S1000D65 m24;2026-06-08T23:00+02:00;2026-06-09T00:00+02:00;2026-06-08;23:00;00:00;Totalt i retning Sandnes;2;100,0;1;1;0;2;0,00;-;-;-;-;-;-;-;-
99274B3204701;Sykkelstamvegen Forus nord;EV39 S1000D65 m24;2026-06-08T23:00+02:00;2026-06-09T00:00+02:00;2026-06-08;23:00;00:00;Totalt i retning Stavanger;0;100,0;1;1;0;0;100,00;-;-;-;-;-;-;-;-
99274B3204701;Sykkelstamvegen Forus nord;EV39 S1000D65 m24;2026-06-08T23:00+02:00;2026-06-09T00:00+02:00;2026-06-08;23:00;00:00;Totalt;2;100,0;1;1;0;2;0,00;-;-;-;-;-;-;-;-